Timestamp,Time,Latitude,Longitude,Accuracy,DoseRate,CountRate,Comment
133957848195010000,2025-06-30 19:20:19,34.0893446,-84.2539854,11.0,5.96,2.92, 
133957848215010000,2025-06-30 19:20:21,34.0894205,-84.2535568,12.0,6.09,2.93, 
133957848234800000,2025-06-30 19:20:23,34.0894791,-84.2531271,13.0,6.06,2.92, 
133957848255110000,2025-06-30 19:20:25,34.0895203,-84.2526996,11.0,5.96,2.9, 
133957848274970000,2025-06-30 19:20:27,34.0895616,-84.2522634,11.0,6.01,2.91, 
133957848294860000,2025-06-30 19:20:29,34.0895909,-84.2518305,11.0,6.05,2.91, 
133957848315000000,2025-06-30 19:20:31,34.089618,-84.2513997,11.0,6.01,2.91, 
133957848334990000,2025-06-30 19:20:33,34.0896527,-84.2509646,11.0,6.02,2.93, 
133957848355040000,2025-06-30 19:20:35,34.0896853,-84.250536,11.0,5.9,2.91, 
133957848375000000,2025-06-30 19:20:37,34.0897287,-84.2501117,12.0,5.98,2.9, 
133957848394920000,2025-06-30 19:20:39,34.0898111,-84.2496929,12.0,5.76,2.89, 
133957848414930000,2025-06-30 19:20:41,34.0899218,-84.2492881,13.0,5.77,2.9, 
133957848434980000,2025-06-30 19:20:43,34.0900726,-84.2488932,14.0,5.94,2.91, 
133957848454940000,2025-06-30 19:20:45,34.090217,-84.2484874,13.0,5.95,2.93, 
133957848475100000,2025-06-30 19:20:47,34.090371,-84.2480718,13.0,6.02,2.92, 
133957848495130000,2025-06-30 19:20:49,34.0905327,-84.2476432,13.0,6.05,2.92, 
133957848515080000,2025-06-30 19:20:51,34.0906922,-84.247207,12.0,6.14,2.91, 
133957848535080000,2025-06-30 19:20:53,34.0908593,-84.2467654,12.0,6.1,2.89, 
133957848555200000,2025-06-30 19:20:55,34.0910394,-84.2463194,13.0,6.11,2.88, 
133957848575310000,2025-06-30 19:20:57,34.0912315,-84.2458778,13.0,6.29,2.89, 
133957848595200000,2025-06-30 19:20:59,34.0914388,-84.2454513,13.0,6.35,2.88, 
133957848615220000,2025-06-30 19:21:01,34.0916644,-84.2450531,13.0,5.9,2.87, 
133957848635230000,2025-06-30 19:21:03,34.091901,-84.2446668,13.0,5.8,2.85, 
133957848655240000,2025-06-30 19:21:05,34.0921332,-84.2442849,13.0,5.68,2.84, 
133957848675240000,2025-06-30 19:21:07,34.0923621,-84.2439084,12.0,5.66,2.85, 
133957848695160000,2025-06-30 19:21:09,34.0925911,-84.243534,12.0,5.66,2.86, 
133957848715320000,2025-06-30 19:21:11,34.0928135,-84.2431629,12.0,5.63,2.85, 
133957848735240000,2025-06-30 19:21:13,34.0930295,-84.2428049,12.0,5.62,2.83, 
133957848755300000,2025-06-30 19:21:15,34.0932356,-84.2424652,12.0,5.53,2.81, 
133957848775440000,2025-06-30 19:21:17,34.0934418,-84.2421267,12.0,5.72,2.83, 
133957848795370000,2025-06-30 19:21:19,34.0936523,-84.2417795,12.0,5.59,2.82, 
133957848815380000,2025-06-30 19:21:21,34.0938682,-84.2414203,12.0,5.49,2.85, 
133957848835420000,2025-06-30 19:21:23,34.0940831,-84.2410481,12.0,5.6,2.86, 
133957848855440000,2025-06-30 19:21:25,34.0942784,-84.2406456,12.0,5.58,2.86, 
133957848875350000,2025-06-30 19:21:27,34.0944314,-84.2402256,13.0,5.58,2.86, 
133957848895470000,2025-06-30 19:21:29,34.0945323,-84.2397938,13.0,5.58,2.86, 
133957848915420000,2025-06-30 19:21:31,34.0945952,-84.2393565,13.0,5.57,2.88, 
133957848935520000,2025-06-30 19:21:33,34.0946104,-84.2389203,14.0,5.55,2.85, 
133957848955920000,2025-06-30 19:21:35,34.0945909,-84.238483,14.0,5.55,2.84, 
133957848975540000,2025-06-30 19:21:37,34.0945258,-84.2380468,14.0,5.52,2.83, 
133957848995480000,2025-06-30 19:21:39,34.0944216,-84.2376193,14.0,5.52,2.84, 
133957849015550000,2025-06-30 19:21:41,34.0942881,-84.2372178,14.0,5.66,2.84, 
133957849035540000,2025-06-30 19:21:43,34.0941232,-84.2368348,14.0,5.65,2.81, 
133957849055570000,2025-06-30 19:21:45,34.0939214,-84.2364952,14.0,5.68,2.79, 
133957849075520000,2025-06-30 19:21:47,34.0937228,-84.2362217,14.0,5.79,2.8, 
133957849095590000,2025-06-30 19:21:49,34.0935611,-84.2360329,15.0,5.9,2.81, 
133957849115520000,2025-06-30 19:21:51,34.0934461,-84.2359071,15.0,5.91,2.81, 
133957849135530000,2025-06-30 19:21:53,34.0933973,-84.2357443,15.0,5.9,2.82, 
133957849155660000,2025-06-30 19:21:55,34.0934418,-84.2355512,15.0,6.07,2.83, 
133957849175540000,2025-06-30 19:21:57,34.093559,-84.235358,15.0,5.77,2.82, 
133957849195770000,2025-06-30 19:21:59,34.0937185,-84.2351128,15.0,5.53,2.81, 
133957849215670000,2025-06-30 19:22:01,34.0939073,-84.2348372,15.0,5.42,2.82, 
133957849235660000,2025-06-30 19:22:03,34.0941124,-84.2345572,14.0,5.32,2.82, 
133957849255720000,2025-06-30 19:22:05,34.094325,-84.2342892,14.0,5.29,2.82, 
133957849275870000,2025-06-30 19:22:07,34.0945399,-84.2340386,13.0,5.29,2.81, 
133957849295760000,2025-06-30 19:22:09,34.0947656,-84.2338226,13.0,5.3,2.82, 
133957849315790000,2025-06-30 19:22:11,34.0949989,-84.2336458,14.0,5.25,2.81, 
133957849335860000,2025-06-30 19:22:13,34.0952398,-84.2334982,13.0,5.38,2.82, 
133957849355850000,2025-06-30 19:22:15,34.0954882,-84.233381,13.0,5.29,2.79, 
133957849375800000,2025-06-30 19:22:17,34.0957508,-84.2332931,13.0,5.4,2.79, 
133957849395890000,2025-06-30 19:22:19,34.0960199,-84.2331987,13.0,5.4,2.78, 
133957849415810000,2025-06-30 19:22:21,34.0962651,-84.2330718,14.0,5.38,2.77, 
133957849435790000,2025-06-30 19:22:23,34.0964691,-84.2329351,14.0,5.4,2.74, 
133957849455960000,2025-06-30 19:22:25,34.0966384,-84.2327875,14.0,5.47,2.75, 
133957849475880000,2025-06-30 19:22:27,34.0967925,-84.2326085,13.0,5.36,2.73, 
133957849496030000,2025-06-30 19:22:29,34.0969292,-84.232437,14.0,5.37,2.74, 
133957849515980000,2025-06-30 19:22:31,34.0970518,-84.2322873,14.0,5.36,2.74, 
133957849545910000,2025-06-30 19:22:34,34.0971527,-84.2321657,16.0,5.46,2.76, 
133957849596090000,2025-06-30 19:22:39,34.0971625,-84.2321495,16.0,5.55,2.78, 
133957849645940000,2025-06-30 19:22:44,34.0971668,-84.2321506,15.0,5.58,2.81, 
133957849696240000,2025-06-30 19:22:49,34.0972309,-84.2320562,17.0,5.71,2.79, 
133957849706110000,2025-06-30 19:22:50,34.0972406,-84.2319911,17.0,5.63,2.79, 
133957849736280000,2025-06-30 19:22:53,34.0971245,-84.2317708,21.0,5.75,2.81, 
133957849756240000,2025-06-30 19:22:55,34.0970008,-84.2315429,19.0,5.62,2.82, 
133957849776230000,2025-06-30 19:22:57,34.0968706,-84.231263,19.0,5.63,2.84, 
133957849796290000,2025-06-30 19:22:59,34.0967491,-84.2309505,22.0,5.63,2.85, 
133957849816260000,2025-06-30 19:23:01,34.0966547,-84.2306054,19.0,5.52,2.85, 
133957849836320000,2025-06-30 19:23:03,34.096595,-84.2302322,20.0,5.53,2.86, 
133957849856380000,2025-06-30 19:23:05,34.0965407,-84.2298676,19.0,5.55,2.88, 
133957849876270000,2025-06-30 19:23:07,34.0965234,-84.2294487,21.0,5.56,2.88, 
133957849896370000,2025-06-30 19:23:09,34.0965581,-84.2290755,25.0,5.65,2.91, 
133957849916410000,2025-06-30 19:23:11,34.0966482,-84.228738,27.0,5.6,2.94, 
133957849936480000,2025-06-30 19:23:13,34.0967664,-84.2283593,27.0,5.61,2.95, 
133957849956440000,2025-06-30 19:23:15,34.0969053,-84.2279372,26.0,5.54,2.95, 
133957849976450000,2025-06-30 19:23:17,34.0970334,-84.2275368,23.0,5.96,2.94, 
133957849996410000,2025-06-30 19:23:19,34.0971723,-84.2271267,23.0,5.97,2.95, 
133957850016740000,2025-06-30 19:23:21,34.0973155,-84.2267068,22.0,5.97,2.95, 
133957850036490000,2025-06-30 19:23:23,34.0974598,-84.2262706,21.0,6.06,2.95, 
133957850056650000,2025-06-30 19:23:25,34.0976085,-84.2258387,21.0,6.14,2.94, 
133957850076770000,2025-06-30 19:23:27,34.0977549,-84.225421,21.0,6.1,2.93, 
133957850096590000,2025-06-30 19:23:29,34.097934,-84.225013,24.0,6.13,2.94, 
133957850116610000,2025-06-30 19:23:31,34.0981553,-84.2246549,22.0,6.15,2.97, 
133957850136670000,2025-06-30 19:23:33,34.0984266,-84.2243207,20.0,6.08,2.98, 
133957850156800000,2025-06-30 19:23:35,34.0987228,-84.2240028,20.0,6.11,2.98, 
133957850176730000,2025-06-30 19:23:37,34.0990158,-84.223687,19.0,6.11,3.0, 
133957850196610000,2025-06-30 19:23:39,34.0993088,-84.2233734,19.0,6.14,3.02, 
133957850216660000,2025-06-30 19:23:41,34.099592,-84.2230381,21.0,6.14,3.02, 
133957850236740000,2025-06-30 19:23:43,34.0998437,-84.2226703,46.0,6.05,3.03, 
133957850256820000,2025-06-30 19:23:45,34.1000672,-84.2222634,33.0,6.04,3.02, 
133957850276800000,2025-06-30 19:23:47,34.1002463,-84.2218446,33.0,6.04,3.02, 
133957850296830000,2025-06-30 19:23:49,34.100358,-84.2214301,27.0,6.04,3.04, 
133957850316870000,2025-06-30 19:23:51,34.1004318,-84.220996,25.0,5.92,3.02, 
133957850336850000,2025-06-30 19:23:53,34.1004535,-84.2205403,24.0,5.93,3.02, 
133957850356900000,2025-06-30 19:23:55,34.1004405,-84.2200911,23.0,6.1,3.05, 
133957850376880000,2025-06-30 19:23:57,34.100421,-84.2196397,24.0,6.12,3.05, 
133957850396950000,2025-06-30 19:23:59,34.1003993,-84.2191905,21.0,6.13,3.03, 
133957850416990000,2025-06-30 19:24:01,34.1003754,-84.2187565,20.0,6.17,3.04, 
133957850436890000,2025-06-30 19:24:03,34.1003363,-84.2183268,20.0,6.23,3.04, 
133957850456840000,2025-06-30 19:24:05,34.1002745,-84.2179318,20.0,6.34,3.02, 
133957850476840000,2025-06-30 19:24:07,34.1002072,-84.217628,20.0,6.46,3.03, 
133957850496900000,2025-06-30 19:24:09,34.1001519,-84.2174131,20.0,6.46,3.03, 
133957850527000000,2025-06-30 19:24:12,34.1001063,-84.2172569,21.0,6.63,3.03, 
133957850576960000,2025-06-30 19:24:17,34.1001019,-84.2172309,20.0,6.7,3.07, 
133957850617120000,2025-06-30 19:24:21,34.1000499,-84.2170312,20.0,6.64,3.09, 
133957850627390000,2025-06-30 19:24:22,34.100026,-84.2169401,20.0,6.65,3.1, 
133957850637000000,2025-06-30 19:24:23,34.0999978,-84.2168348,20.0,6.65,3.1, 
133957850657180000,2025-06-30 19:24:25,34.0999359,-84.2165874,22.0,6.65,3.09, 
133957850677120000,2025-06-30 19:24:27,34.0998621,-84.2163009,19.0,6.67,3.1, 
133957850697130000,2025-06-30 19:24:29,34.0997873,-84.2160134,17.0,6.79,3.11, 
133957850717280000,2025-06-30 19:24:31,34.0997157,-84.2157172,17.0,6.69,3.1, 
133957850737250000,2025-06-30 19:24:33,34.0996419,-84.215421,17.0,6.59,3.09, 
133957850757260000,2025-06-30 19:24:35,34.0995779,-84.2151584,17.0,6.66,3.11, 
133957850777290000,2025-06-30 19:24:37,34.0995193,-84.214924,17.0,6.71,3.11, 
133957850797200000,2025-06-30 19:24:39,34.099465,-84.2147189,16.0,6.81,3.11, 
133957850827190000,2025-06-30 19:24:42,34.0994064,-84.2145106,17.0,6.8,3.09, 
133957850877290000,2025-06-30 19:24:47,34.0993728,-84.2144162,18.0,6.72,3.09, 
133957850907360000,2025-06-30 19:24:50,34.099337,-84.2143098,18.0,6.87,3.09, 
133957850927590000,2025-06-30 19:24:52,34.0992838,-84.2141514,19.0,6.87,3.11, 
133957850947320000,2025-06-30 19:24:54,34.0992252,-84.2139843,18.0,6.87,3.14, 
133957850967330000,2025-06-30 19:24:56,34.0991872,-84.2138009,17.0,6.85,3.16, 
133957850987370000,2025-06-30 19:24:58,34.0992111,-84.2136013,17.0,6.88,3.18, 
133957851007370000,2025-06-30 19:25:00,34.0992795,-84.2133604,17.0,6.82,3.16, 
133957851027380000,2025-06-30 19:25:02,34.0993554,-84.2130642,18.0,6.91,3.2, 
133957851047400000,2025-06-30 19:25:04,34.0994335,-84.2127289,18.0,6.94,3.22, 
133957851067500000,2025-06-30 19:25:06,34.099516,-84.2123773,17.0,6.78,3.23, 
133957851087500000,2025-06-30 19:25:08,34.0995963,-84.2120106,16.0,6.9,3.27, 
133957851107540000,2025-06-30 19:25:10,34.0996809,-84.2116406,16.0,6.89,3.28, 
133957851127600000,2025-06-30 19:25:12,34.0997667,-84.211276,15.0,6.74,3.3, 
133957851147570000,2025-06-30 19:25:14,34.0998502,-84.210906,15.0,6.7,3.34, 
133957851167500000,2025-06-30 19:25:16,34.0999424,-84.2105251,15.0,6.71,3.36, 
133957851187490000,2025-06-30 19:25:18,34.1000412,-84.2101323,15.0,6.71,3.38, 
133957851207780000,2025-06-30 19:25:20,34.1001432,-84.2097439,15.0,6.68,3.41, 
133957851227640000,2025-06-30 19:25:22,34.1002452,-84.2093511,15.0,6.65,3.4, 
133957851247620000,2025-06-30 19:25:24,34.100358,-84.2089626,15.0,6.65,3.41, 
133957851267590000,2025-06-30 19:25:26,34.1004741,-84.2085872,14.0,6.77,3.43, 
133957851287770000,2025-06-30 19:25:28,34.1005924,-84.2082172,14.0,6.8,3.46, 
133957851307570000,2025-06-30 19:25:30,34.1007074,-84.2078504,14.0,6.8,3.51, 
133957851327870000,2025-06-30 19:25:32,34.1008268,-84.2074782,13.0,6.83,3.56, 
133957851347680000,2025-06-30 19:25:34,34.1009483,-84.2070855,13.0,6.91,3.6, 
133957851367650000,2025-06-30 19:25:36,34.1010785,-84.2066807,13.0,6.91,3.62, 
133957851387780000,2025-06-30 19:25:38,34.1012152,-84.2062608,13.0,6.92,3.61, 
133957851407680000,2025-06-30 19:25:40,34.1013563,-84.2058289,13.0,6.94,3.64, 
133957851427730000,2025-06-30 19:25:42,34.1015104,-84.2054014,13.0,7.0,3.64, 
133957851447710000,2025-06-30 19:25:44,34.1016742,-84.2050021,13.0,7.04,3.66, 
133957851467860000,2025-06-30 19:25:46,34.10185,-84.2046267,13.0,7.0,3.66, 
133957851487800000,2025-06-30 19:25:48,34.1020377,-84.2042654,13.0,7.01,3.7, 
133957851507860000,2025-06-30 19:25:50,34.1022287,-84.2039062,13.0,7.03,3.73, 
133957851527820000,2025-06-30 19:25:52,34.1024262,-84.2035438,13.0,7.07,3.77, 
133957851547750000,2025-06-30 19:25:54,34.1026247,-84.2031814,13.0,7.13,3.79, 
133957851567840000,2025-06-30 19:25:56,34.1028255,-84.202819,12.0,7.13,3.82, 
133957851587820000,2025-06-30 19:25:58,34.1030197,-84.2024631,13.0,6.97,3.84, 
133957851607840000,2025-06-30 19:26:00,34.1032031,-84.2021343,12.0,6.98,3.88, 
133957851627860000,2025-06-30 19:26:02,34.1033734,-84.201824,12.0,6.82,3.88, 
133957851647990000,2025-06-30 19:26:04,34.1035232,-84.2015516,14.0,6.9,3.91, 
133957851667920000,2025-06-30 19:26:06,34.1036458,-84.2013281,14.0,6.12,3.05, 
133957851687920000,2025-06-30 19:26:08,34.1037825,-84.2010731,14.0,6.13,3.03, 
133957851707970000,2025-06-30 19:26:10,34.1039377,-84.2007758,15.0,6.17,3.04, 
133957851728160000,2025-06-30 19:26:12,34.1041145,-84.2004492,14.0,6.23,3.04, 
133957851747950000,2025-06-30 19:26:14,34.1042979,-84.2001095,14.0,6.34,3.02, 
133957851768010000,2025-06-30 19:26:16,34.1044878,-84.1997699,14.0,6.46,3.03, 
133957851788110000,2025-06-30 19:26:18,34.1046755,-84.1994379,14.0,6.46,3.03, 
133957851808120000,2025-06-30 19:26:20,34.1048578,-84.1991145,14.0,6.45,3.0, 
133957851828100000,2025-06-30 19:26:22,34.1050379,-84.1988161,14.0,6.63,3.03, 
133957851848080000,2025-06-30 19:26:24,34.1052289,-84.1985394,13.0,6.7,3.05, 
133957851868190000,2025-06-30 19:26:26,34.1054144,-84.1982758,14.0,6.7,3.07, 
133957851888130000,2025-06-30 19:26:28,34.105574,-84.1980685,15.0,6.66,3.08, 
133957851908400000,2025-06-30 19:26:30,34.1057215,-84.1979893,18.0,6.64,3.09, 
133957851938260000,2025-06-30 19:26:33,34.105868,-84.1980447,19.0,6.65,3.09, 
133957851978270000,2025-06-30 19:26:37,34.1060101,-84.1979416,19.0,6.79,3.11, 
133957852028320000,2025-06-30 19:26:42,34.1060796,-84.1980707,18.0,7.03,4.42, 
133957852038250000,2025-06-30 19:26:43,34.1060666,-84.1980989,18.0,7.03,4.42, 
133957852078310000,2025-06-30 19:26:47,34.1060112,-84.1982573,17.0,7.03,4.42, 
133957852088320000,2025-06-30 19:26:48,34.1059939,-84.1983029,17.0,7.03,4.42, 
133957852138320000,2025-06-30 19:26:53,34.1059385,-84.198381,16.0,7.03,4.44, 
133957852188620000,2025-06-30 19:26:58,34.1059396,-84.1983854,16.0,6.87,3.08, 
133957852238630000,2025-06-30 19:27:03,34.1059429,-84.1983875,15.0,6.87,3.14, 
133957852288480000,2025-06-30 19:27:08,34.1059429,-84.1983908,14.0,6.71,3.16, 
133957852338470000,2025-06-30 19:27:13,34.1059418,-84.1983962,14.0,6.94,3.22, 
133957852348530000,2025-06-30 19:27:14,34.1059418,-84.1983973,14.0,6.94,3.23, 
133957852398960000,2025-06-30 19:27:19,34.1059396,-84.1984038,13.0,6.89,3.28, 
133957852448650000,2025-06-30 19:27:24,34.1059396,-84.1984103,14.0,6.7,3.35, 
133957852498770000,2025-06-30 19:27:29,34.1059396,-84.1984157,13.0,6.68,3.41, 
133957852548830000,2025-06-30 19:27:34,34.1059418,-84.1984201,13.0,6.78,3.41, 
133957852598760000,2025-06-30 19:27:39,34.1059429,-84.1984223,15.0,6.8,3.51, 
133957852648800000,2025-06-30 19:27:44,34.105944,-84.1984223,14.0,6.91,3.61, 
133957852698850000,2025-06-30 19:27:49,34.1059461,-84.1984233,14.0,6.94,3.64, 
133957852748980000,2025-06-30 19:27:54,34.1059483,-84.1984266,14.0,7.03,3.66, 
133957852798910000,2025-06-30 19:27:59,34.1059505,-84.1984309,14.0,7.03,3.73, 
133957852848990000,2025-06-30 19:28:04,34.1059516,-84.1984353,12.0,7.13,3.81, 
133957852898970000,2025-06-30 19:28:09,34.1059516,-84.1984375,12.0,6.98,3.88, 
133957852949190000,2025-06-30 19:28:14,34.1059526,-84.1984418,12.0,6.77,3.91, 
133957852999180000,2025-06-30 19:28:19,34.1059516,-84.198444,11.0,6.77,3.91, 
133957853409410000,2025-06-30 19:29:00,34.105957,-84.1984494,11.0,7.37,5.55, 
133957853459480000,2025-06-30 19:29:05,34.1059559,-84.1984494,11.0,7.45,5.66, 
133957853509900000,2025-06-30 19:29:10,34.1059559,-84.1984483,11.0,7.51,5.72, 
133957854500330000,2025-06-30 19:30:50,34.1059418,-84.1984396,11.0,7.33,5.33, 
133957854550390000,2025-06-30 19:30:55,34.1059396,-84.1984364,11.0,7.2,5.36, 
133957854600360000,2025-06-30 19:31:00,34.1059385,-84.1984331,11.0,7.25,5.4, 
133957854650270000,2025-06-30 19:31:05,34.1059375,-84.1984309,11.0,7.21,5.46, 
133957854700400000,2025-06-30 19:31:10,34.1059353,-84.1984288,11.0,7.37,5.55, 
133957854750710000,2025-06-30 19:31:15,34.105932,-84.1984255,11.0,7.45,5.66, 
133957854800420000,2025-06-30 19:31:20,34.1059309,-84.1984223,11.0,7.51,5.72, 
133957854850440000,2025-06-30 19:31:25,34.1059309,-84.1984201,11.0,8.82,3.63, 
133957854900680000,2025-06-30 19:31:30,34.1059309,-84.1984179,11.0,8.82,3.63, 
133957854950680000,2025-06-30 19:31:35,34.1059299,-84.1984136,11.0,7.45,3.63, 
133957855000610000,2025-06-30 19:31:40,34.1059299,-84.1984114,11.0,7.23,4.16, 
133957855050880000,2025-06-30 19:31:45,34.1059299,-84.1984092,10.0,8.12,4.14, 
133957855150840000,2025-06-30 19:31:55,34.1059288,-84.1984103,10.0,7.95,4.29, 
133957855200820000,2025-06-30 19:32:00,34.1059266,-84.1984114,10.0,8.47,4.36, 
133957855250920000,2025-06-30 19:32:05,34.1059266,-84.1984125,10.0,8.05,4.49, 
133957855300980000,2025-06-30 19:32:10,34.1059266,-84.1984103,10.0,7.71,4.38, 
133957855351080000,2025-06-30 19:32:15,34.1059255,-84.1984103,10.0,7.6,4.29, 
133957855401020000,2025-06-30 19:32:20,34.1059244,-84.1984071,10.0,8.08,4.17, 
133957855451060000,2025-06-30 19:32:25,34.1059244,-84.1984049,10.0,7.58,4.04, 
133957855501180000,2025-06-30 19:32:30,34.1059244,-84.1984038,11.0,7.16,3.9, 
133957855551150000,2025-06-30 19:32:35,34.1059233,-84.1984006,10.0,7.01,3.88, 
133957855601190000,2025-06-30 19:32:40,34.1059233,-84.1983984,10.0,7.22,3.85, 
133957855701640000,2025-06-30 19:32:50,34.1059233,-84.1983995,10.0,7.28,3.81, 
133957855751830000,2025-06-30 19:32:55,34.1059233,-84.1984006,10.0,7.27,3.81, 
133957855801380000,2025-06-30 19:33:00,34.1059223,-84.1984027,10.0,7.43,3.8, 
133957855951960000,2025-06-30 19:33:15,34.1059233,-84.1984027,10.0,6.95,3.71, 
133957856051570000,2025-06-30 19:33:25,34.1059157,-84.1984114,10.0,7.39,3.77, 
133957856101610000,2025-06-30 19:33:30,34.1058441,-84.1984027,11.0,7.28,3.8, 
133957856121830000,2025-06-30 19:33:32,34.1058148,-84.1983604,11.0,7.47,3.78, 
133957856171750000,2025-06-30 19:33:37,34.1057899,-84.1982573,11.0,7.47,3.78, 
133957856221770000,2025-06-30 19:33:42,34.1057899,-84.198253,11.0,7.59,3.79, 
133957856251870000,2025-06-30 19:33:45,34.1058018,-84.1981759,12.0,7.6,3.8, 
133957856301980000,2025-06-30 19:33:50,34.1057291,-84.1980327,12.0,7.39,3.76, 
133957856351940000,2025-06-30 19:33:55,34.1057161,-84.1980251,12.0,7.36,3.75, 
133957856392120000,2025-06-30 19:33:59,34.1055718,-84.198125,15.0,7.18,3.7, 
133957856402450000,2025-06-30 19:34:00,34.1055078,-84.1982074,16.0,7.16,3.69, 
133957856412010000,2025-06-30 19:34:01,34.1054296,-84.1983138,16.0,7.15,3.67, 
133957856432460000,2025-06-30 19:34:03,34.1052452,-84.1985796,17.0,7.15,3.65, 
133957856452360000,2025-06-30 19:34:05,34.1050336,-84.1988986,17.0,7.27,3.62, 
133957856472080000,2025-06-30 19:34:07,34.1048328,-84.1992686,17.0,7.28,3.62, 
133957856492130000,2025-06-30 19:34:09,34.1046332,-84.1996614,17.0,7.15,3.62, 
133957856512170000,2025-06-30 19:34:11,34.1044259,-84.200064,16.0,7.1,3.61, 
133957856532120000,2025-06-30 19:34:13,34.1042068,-84.20046,16.0,7.15,3.61, 
133957856552130000,2025-06-30 19:34:15,34.1039822,-84.2008441,15.0,7.17,3.63, 
133957856572200000,2025-06-30 19:34:17,34.103763,-84.2012315,15.0,7.17,3.6, 
133957856592140000,2025-06-30 19:34:19,34.1035492,-84.2016167,15.0,7.16,3.58, 
133957856612170000,2025-06-30 19:34:21,34.1033355,-84.2019997,14.0,7.15,3.57, 
133957856632400000,2025-06-30 19:34:23,34.1031239,-84.2023708,15.0,7.15,3.56, 
133957856652150000,2025-06-30 19:34:25,34.1029144,-84.2027484,14.0,6.98,3.55, 
133957856672360000,2025-06-30 19:34:27,34.1026996,-84.2031304,14.0,6.87,3.54, 
133957856692340000,2025-06-30 19:34:29,34.1024804,-84.203521,14.0,6.86,3.5, 
133957856712490000,2025-06-30 19:34:31,34.1022656,-84.2039181,14.0,6.77,3.49, 
133957856732750000,2025-06-30 19:34:33,34.1020507,-84.2043153,14.0,6.69,3.43, 
133957856752390000,2025-06-30 19:34:35,34.1018446,-84.2047146,14.0,6.68,3.41, 
133957856772380000,2025-06-30 19:34:37,34.1015733,-84.2053407,13.0,6.4,3.38, 
133957856792560000,2025-06-30 19:34:39,34.1014952,-84.2055555,14.0,6.44,3.37, 
133957856812600000,2025-06-30 19:34:41,34.1012847,-84.206187,16.0,6.42,3.35, 
133957856832410000,2025-06-30 19:34:43,34.1011512,-84.2065863,13.0,6.39,3.3, 
133957856852460000,2025-06-30 19:34:45,34.1010243,-84.2069672,13.0,6.36,3.27, 
133957856872620000,2025-06-30 19:34:47,34.1009027,-84.2073372,13.0,6.33,3.24, 
133957856892500000,2025-06-30 19:34:49,34.1007942,-84.2077029,13.0,6.26,3.19, 
133957856912970000,2025-06-30 19:34:51,34.1006846,-84.2080642,15.0,6.24,3.17, 
133957856932580000,2025-06-30 19:34:53,34.1005783,-84.208394,14.0,6.23,3.17, 
133957856952790000,2025-06-30 19:34:55,34.1004958,-84.2086512,15.0,6.18,3.18, 
133957856972610000,2025-06-30 19:34:57,34.1004492,-84.2088411,16.0,6.2,3.2, 
133957857002600000,2025-06-30 19:35:00,34.1005056,-84.2090147,19.0,6.16,3.17, 
133957857022540000,2025-06-30 19:35:02,34.1006835,-84.2091004,20.0,6.11,3.15, 
133957857042700000,2025-06-30 19:35:04,34.1008723,-84.2092274,19.0,6.13,3.17, 
133957857062620000,2025-06-30 19:35:06,34.1010915,-84.2093793,17.0,6.14,3.18, 
133957857082640000,2025-06-30 19:35:08,34.1013335,-84.2095421,17.0,6.13,3.16, 
133957857102820000,2025-06-30 19:35:10,34.1015863,-84.2097016,16.0,5.99,3.15, 
133957857122810000,2025-06-30 19:35:12,34.1018489,-84.2098253,17.0,6.17,3.17, 
133957857142770000,2025-06-30 19:35:14,34.1021365,-84.2098882,18.0,5.93,3.15, 
133957857162670000,2025-06-30 19:35:16,34.1024424,-84.2099348,17.0,5.92,3.16, 
133957857182690000,2025-06-30 19:35:18,34.1027484,-84.2099891,17.0,5.91,3.14, 
133957857202720000,2025-06-30 19:35:20,34.1030425,-84.2100629,17.0,5.94,3.17, 
133957857222700000,2025-06-30 19:35:22,34.1033138,-84.2101963,17.0,5.97,3.16, 
133957857242840000,2025-06-30 19:35:24,34.1035557,-84.210396,17.0,5.9,3.14, 
133957857262810000,2025-06-30 19:35:26,34.1037489,-84.2106499,17.0,5.97,3.16, 
133957857282850000,2025-06-30 19:35:28,34.1038975,-84.210932,18.0,5.96,3.15, 
133957857302920000,2025-06-30 19:35:30,34.1039832,-84.2112358,17.0,5.94,3.14, 
133957857322940000,2025-06-30 19:35:32,34.104019,-84.211557,16.0,6.02,3.18, 
133957857342980000,2025-06-30 19:35:34,34.1040082,-84.2118869,16.0,5.99,3.17, 
133957857362880000,2025-06-30 19:35:36,34.1039344,-84.2122081,15.0,6.01,3.17, 
133957857383000000,2025-06-30 19:35:38,34.103802,-84.2125,15.0,6.03,3.18, 
133957857403110000,2025-06-30 19:35:40,34.1036219,-84.2127484,16.0,6.02,3.18, 
133957857423170000,2025-06-30 19:35:42,34.1033995,-84.2129437,16.0,6.0,3.19, 
133957857443080000,2025-06-30 19:35:44,34.103151,-84.2130989,15.0,6.0,3.21, 
133957857463110000,2025-06-30 19:35:46,34.1028971,-84.2132432,16.0,5.95,3.17, 
133957857483000000,2025-06-30 19:35:48,34.1026616,-84.2133962,15.0,5.85,3.17, 
133957857503060000,2025-06-30 19:35:50,34.1024565,-84.2135926,15.0,5.86,3.18, 
133957857523200000,2025-06-30 19:35:52,34.1022786,-84.21384,16.0,5.87,3.19, 
133957857543090000,2025-06-30 19:35:54,34.1021375,-84.2141427,16.0,5.87,3.17, 
133957857563160000,2025-06-30 19:35:56,34.1020518,-84.2144921,18.0,5.95,3.18, 
133957857583120000,2025-06-30 19:35:58,34.1019986,-84.2148578,17.0,5.87,3.19, 
133957857603330000,2025-06-30 19:36:00,34.1019509,-84.2152105,17.0,5.87,3.18, 
133957857623300000,2025-06-30 19:36:02,34.1019151,-84.2155479,17.0,5.86,3.17, 
133957857643200000,2025-06-30 19:36:04,34.1018891,-84.2158181,17.0,5.83,3.17, 
133957857673310000,2025-06-30 19:36:07,34.1018804,-84.2160286,19.0,5.65,3.16, 
133957857703160000,2025-06-30 19:36:10,34.1020399,-84.2161848,18.0,5.65,3.14, 
133957857723300000,2025-06-30 19:36:12,34.1022938,-84.2162695,18.0,5.73,3.13, 
133957857743270000,2025-06-30 19:36:14,34.1026312,-84.216365,20.0,5.79,3.14, 
133957857763280000,2025-06-30 19:36:16,34.103023,-84.2164453,17.0,5.66,3.12, 
133957857783310000,2025-06-30 19:36:18,34.1034255,-84.2165169,17.0,5.66,3.12, 
133957857803350000,2025-06-30 19:36:20,34.1038237,-84.2165939,18.0,5.64,3.09, 
133957857823410000,2025-06-30 19:36:22,34.1042447,-84.2166851,18.0,5.59,3.07, 
133957857843360000,2025-06-30 19:36:24,34.1046831,-84.2167827,18.0,5.59,3.07, 
133957857863310000,2025-06-30 19:36:26,34.1051171,-84.2168793,18.0,5.49,3.06, 
133957857883410000,2025-06-30 19:36:28,34.1055392,-84.2169737,15.0,5.49,3.05, 
133957857903530000,2025-06-30 19:36:30,34.1059581,-84.2170638,15.0,5.54,3.05, 
133957857923370000,2025-06-30 19:36:32,34.1063845,-84.2171549,15.0,5.46,3.05, 
133957857943410000,2025-06-30 19:36:34,34.1068164,-84.2172504,15.0,5.36,3.04, 
133957857963680000,2025-06-30 19:36:36,34.1072536,-84.2173459,14.0,5.37,3.04, 
133957857983530000,2025-06-30 19:36:38,34.1076931,-84.2174457,14.0,5.25,3.02, 
133957858003560000,2025-06-30 19:36:40,34.1081228,-84.2175466,14.0,5.26,3.02, 
133957858023510000,2025-06-30 19:36:42,34.1085362,-84.2176671,14.0,5.34,3.03, 
133957858043570000,2025-06-30 19:36:44,34.1089257,-84.2178407,15.0,5.33,3.01, 
133957858063480000,2025-06-30 19:36:46,34.1092773,-84.2180664,15.0,5.59,3.0, 
133957858083460000,2025-06-30 19:36:48,34.109592,-84.2183257,15.0,5.59,3.0, 
133957858103630000,2025-06-30 19:36:50,34.1098763,-84.2186219,16.0,5.75,2.98, 
133957858123680000,2025-06-30 19:36:52,34.1101171,-84.2189398,15.0,5.83,2.98, 
133957858143610000,2025-06-30 19:36:54,34.1103233,-84.2192578,15.0,5.89,2.97, 
133957858163740000,2025-06-30 19:36:56,34.1105143,-84.2195551,15.0,5.93,2.98, 
133957858183610000,2025-06-30 19:36:58,34.1106792,-84.2198122,15.0,5.93,2.96, 
133957858203760000,2025-06-30 19:37:00,34.1108083,-84.2200184,16.0,6.01,2.96, 
133957858223800000,2025-06-30 19:37:02,34.1108995,-84.2201714,15.0,5.94,2.96, 
133957858264140000,2025-06-30 19:37:06,34.1109874,-84.2203103,15.0,6.02,2.94, 
133957858273680000,2025-06-30 19:37:07,34.1109917,-84.220319,15.0,6.02,2.94, 
133957858323660000,2025-06-30 19:37:12,34.1109971,-84.2203255,14.0,6.0,2.91, 
133957858374400000,2025-06-30 19:37:17,34.1109982,-84.2203244,13.0,5.67,2.84, 
133957858425100000,2025-06-30 19:37:22,34.1109971,-84.2203244,13.0,5.61,2.8, 
133957858474430000,2025-06-30 19:37:27,34.110996,-84.2203266,12.0,5.27,2.73, 
133957858524150000,2025-06-30 19:37:32,34.1109971,-84.2203276,12.0,5.02,2.68, 
133957858574130000,2025-06-30 19:37:37,34.1109971,-84.2203266,12.0,5.02,2.64, 
133957858624110000,2025-06-30 19:37:42,34.1109971,-84.2203244,11.0,4.9,2.56, 
133957858674530000,2025-06-30 19:37:47,34.110996,-84.2203211,11.0,4.69,2.54, 
133957858774230000,2025-06-30 19:37:57,34.110996,-84.2203233,11.0,4.44,2.44, 
133957858824710000,2025-06-30 19:38:02,34.1110145,-84.2203504,12.0,4.7,2.42, 
133957858844410000,2025-06-30 19:38:04,34.1110818,-84.2204557,14.0,4.7,2.41, 
133957858864510000,2025-06-30 19:38:06,34.111187,-84.2206108,14.0,4.69,2.42, 
133957858884410000,2025-06-30 19:38:08,34.1113237,-84.2207986,14.0,4.69,2.44, 
133957858904790000,2025-06-30 19:38:10,34.1114952,-84.221008,14.0,4.68,2.42, 
133957858924700000,2025-06-30 19:38:12,34.1117078,-84.2212163,13.0,4.67,2.41, 
133957858944570000,2025-06-30 19:38:14,34.111952,-84.2214312,13.0,4.67,2.41, 
133957858964500000,2025-06-30 19:38:16,34.1121929,-84.2216286,13.0,4.68,2.4, 
133957858984680000,2025-06-30 19:38:18,34.112449,-84.2218098,13.0,4.68,2.41, 
133957859004610000,2025-06-30 19:38:20,34.1126801,-84.221952,14.0,4.48,2.39, 
133957859024790000,2025-06-30 19:38:22,34.1128461,-84.2220486,15.0,4.58,2.38, 
133957859074650000,2025-06-30 19:38:27,34.1129665,-84.2220876,14.0,4.59,2.35, 
133957859084750000,2025-06-30 19:38:28,34.1129893,-84.2220887,14.0,4.59,2.37, 
133957859125220000,2025-06-30 19:38:32,34.113177,-84.2220008,14.0,4.59,2.36, 
133957859134580000,2025-06-30 19:38:33,34.1132411,-84.2219249,15.0,4.6,2.38, 
133957859144750000,2025-06-30 19:38:34,34.1133062,-84.2218207,16.0,4.6,2.38, 
133957859164740000,2025-06-30 19:38:36,34.1134353,-84.2215429,16.0,4.8,2.38, 
133957859184790000,2025-06-30 19:38:38,34.1135872,-84.2212619,16.0,4.8,2.37, 
133957859204690000,2025-06-30 19:38:40,34.1138064,-84.2210536,17.0,4.81,2.39, 
133957859224760000,2025-06-30 19:38:42,34.1140809,-84.2209461,18.0,4.87,2.4, 
133957859244800000,2025-06-30 19:38:44,34.1143836,-84.2209103,17.0,4.87,2.39, 
133957859264870000,2025-06-30 19:38:46,34.1147124,-84.2208723,16.0,4.86,2.4, 
133957859284910000,2025-06-30 19:38:48,34.1150542,-84.2208344,15.0,4.85,2.39, 
133957859304920000,2025-06-30 19:38:50,34.1153862,-84.2207769,15.0,4.85,2.39, 
133957859325220000,2025-06-30 19:38:52,34.1157031,-84.2206792,15.0,4.85,2.38, 
133957859344860000,2025-06-30 19:38:54,34.1159971,-84.2205403,15.0,4.8,2.39, 
133957859365150000,2025-06-30 19:38:56,34.1162586,-84.2203721,15.0,4.72,2.39, 
133957859384930000,2025-06-30 19:38:58,34.116493,-84.2202029,14.0,4.72,2.4, 
133957859405000000,2025-06-30 19:39:00,34.1167296,-84.2200282,14.0,4.75,2.41, 
133957859425080000,2025-06-30 19:39:02,34.1169845,-84.2198372,14.0,4.76,2.4, 
133957859444960000,2025-06-30 19:39:04,34.1172667,-84.2196332,14.0,4.77,2.42, 
133957859465150000,2025-06-30 19:39:06,34.1175607,-84.2194184,13.0,4.82,2.43, 
133957859485240000,2025-06-30 19:39:08,34.1178732,-84.2191883,14.0,4.83,2.44, 
133957859504930000,2025-06-30 19:39:10,34.1182183,-84.2189344,14.0,4.84,2.42, 
133957859525190000,2025-06-30 19:39:12,34.118585,-84.2186773,13.0,4.83,2.42, 
133957859545240000,2025-06-30 19:39:14,34.1189637,-84.2184114,13.0,5.04,2.41, 
133957859565100000,2025-06-30 19:39:16,34.1193337,-84.2181445,13.0,5.04,2.4, 
133957859585290000,2025-06-30 19:39:18,34.119695,-84.2178732,13.0,5.05,2.41, 
133957859605100000,2025-06-30 19:39:20,34.1200509,-84.2176095,13.0,5.01,2.38, 
133957859625190000,2025-06-30 19:39:22,34.1203949,-84.2173513,13.0,5.0,2.38, 
133957859645210000,2025-06-30 19:39:24,34.1207345,-84.2170952,12.0,5.0,2.38, 
133957859665320000,2025-06-30 19:39:26,34.1210861,-84.2168305,13.0,4.99,2.38, 
133957859685260000,2025-06-30 19:39:28,34.1214453,-84.2165603,12.0,5.01,2.38, 
133957859705230000,2025-06-30 19:39:30,34.121812,-84.2162836,12.0,5.02,2.39, 
133957859725370000,2025-06-30 19:39:32,34.1221723,-84.2160112,12.0,4.91,2.36, 
133957859745270000,2025-06-30 19:39:34,34.122539,-84.2157302,12.0,4.91,2.36, 
133957859765500000,2025-06-30 19:39:36,34.1229155,-84.2154437,12.0,4.86,2.32, 
133957859785280000,2025-06-30 19:39:38,34.1232758,-84.2151692,12.0,4.82,2.32, 
133957859805320000,2025-06-30 19:39:40,34.1236241,-84.2149023,12.0,4.78,2.31, 
133957859825420000,2025-06-30 19:39:42,34.1239735,-84.2146354,12.0,4.77,2.3, 
133957859845390000,2025-06-30 19:39:44,34.1243424,-84.2143543,12.0,4.78,2.32, 
133957859865470000,2025-06-30 19:39:46,34.12472,-84.2140679,12.0,4.76,2.3, 
133957859885530000,2025-06-30 19:39:48,34.1250922,-84.2137847,12.0,4.79,2.27, 
133957859905510000,2025-06-30 19:39:50,34.12546,-84.2135036,12.0,4.9,2.27, 
133957859925460000,2025-06-30 19:39:52,34.1258322,-84.2132183,12.0,4.9,2.29, 
133957859945620000,2025-06-30 19:39:54,34.1262098,-84.2129275,12.0,4.88,2.27, 
133957859965580000,2025-06-30 19:39:56,34.1265961,-84.2126312,12.0,4.88,2.27, 
133957859985480000,2025-06-30 19:39:58,34.1269986,-84.2123231,12.0,4.87,2.25, 
133957860005520000,2025-06-30 19:40:00,34.127411,-84.2120095,12.0,4.93,2.24, 
133957860025510000,2025-06-30 19:40:02,34.1278342,-84.2116905,12.0,4.93,2.23, 
133957860045620000,2025-06-30 19:40:04,34.1282638,-84.2113617,12.0,4.92,2.21, 
133957860065690000,2025-06-30 19:40:06,34.1286968,-84.211034,12.0,4.91,2.2, 
133957860085530000,2025-06-30 19:40:08,34.1291286,-84.2107042,12.0,4.91,2.19, 
133957860105640000,2025-06-30 19:40:10,34.1295529,-84.2103927,12.0,4.96,2.19, 
133957860125680000,2025-06-30 19:40:12,34.1299728,-84.2100726,12.0,4.76,2.18, 
133957860145670000,2025-06-30 19:40:14,34.1303895,-84.2097547,12.0,4.87,2.16, 
133957860165740000,2025-06-30 19:40:16,34.1308062,-84.2094357,12.0,4.87,2.16, 
133957860185710000,2025-06-30 19:40:18,34.1312131,-84.2091276,12.0,4.89,2.16, 
133957860205660000,2025-06-30 19:40:20,34.1316091,-84.2088335,12.0,4.95,2.16, 
133957860225700000,2025-06-30 19:40:22,34.1320062,-84.2085525,12.0,4.9,2.15, 
133957860245870000,2025-06-30 19:40:24,34.1324088,-84.2082638,12.0,5.06,2.16, 
133957860265630000,2025-06-30 19:40:26,34.1328103,-84.20796,12.0,5.06,2.16, 
133957860285810000,2025-06-30 19:40:28,34.1332172,-84.2076486,12.0,4.97,2.16, 
133957860305760000,2025-06-30 19:40:30,34.1336273,-84.2073394,12.0,4.94,2.16, 
133957860325700000,2025-06-30 19:40:32,34.1340364,-84.2070312,12.0,4.89,2.14, 
133957860345720000,2025-06-30 19:40:34,34.1344411,-84.2067252,12.0,4.88,2.13, 
133957860365760000,2025-06-30 19:40:36,34.1348383,-84.2064214,12.0,4.91,2.14, 
133957860386020000,2025-06-30 19:40:38,34.1352365,-84.2061208,12.0,4.92,2.16, 
133957860405890000,2025-06-30 19:40:40,34.1356391,-84.2058159,12.0,4.93,2.17, 
133957860425790000,2025-06-30 19:40:42,34.1360492,-84.2055034,12.0,4.93,2.18, 
133957860445820000,2025-06-30 19:40:44,34.1364648,-84.2051898,11.0,4.98,2.18, 
133957860465870000,2025-06-30 19:40:46,34.1368836,-84.2048643,11.0,4.93,2.19, 
133957860485860000,2025-06-30 19:40:48,34.1372981,-84.204516,12.0,4.98,2.19, 
133957860505920000,2025-06-30 19:40:50,34.1376996,-84.2041406,12.0,4.97,2.2, 
133957860525910000,2025-06-30 19:40:52,34.1380837,-84.2037424,12.0,4.97,2.2, 
133957860545940000,2025-06-30 19:40:54,34.1384548,-84.2033203,12.0,4.97,2.21, 
133957860565940000,2025-06-30 19:40:56,34.1388042,-84.2028819,12.0,4.89,2.18, 
133957860585860000,2025-06-30 19:40:58,34.1391297,-84.2024348,12.0,4.74,2.18, 
133957860606070000,2025-06-30 19:41:00,34.1394335,-84.2019813,12.0,4.74,2.18, 
133957860625940000,2025-06-30 19:41:02,34.1397319,-84.201531,12.0,4.68,2.21, 
133957860645980000,2025-06-30 19:41:04,34.1400282,-84.2010785,12.0,4.78,2.21, 
133957860666060000,2025-06-30 19:41:06,34.1403255,-84.200625,11.0,4.79,2.23, 
133957860686010000,2025-06-30 19:41:08,34.1406239,-84.2001703,11.0,4.7,2.22, 
133957860706150000,2025-06-30 19:41:10,34.1409266,-84.199707,11.0,4.63,2.22, 
133957860726080000,2025-06-30 19:41:12,34.1412391,-84.1992328,11.0,4.58,2.22, 
133957860746100000,2025-06-30 19:41:14,34.1415538,-84.1987543,11.0,4.58,2.23, 
133957860766220000,2025-06-30 19:41:16,34.1418695,-84.1982725,11.0,4.5,2.24, 
133957860786090000,2025-06-30 19:41:18,34.1421875,-84.1977853,11.0,4.56,2.25, 
133957860806070000,2025-06-30 19:41:20,34.1425075,-84.197297,11.0,4.55,2.25, 
133957860826320000,2025-06-30 19:41:22,34.1428309,-84.1968044,11.0,4.47,2.26, 
133957860846080000,2025-06-30 19:41:24,34.1431564,-84.1963085,11.0,4.53,2.26, 
133957860866630000,2025-06-30 19:41:26,34.1434819,-84.1958127,10.0,4.52,2.25, 
133957860886050000,2025-06-30 19:41:28,34.1438075,-84.1953135,10.0,4.53,2.28, 
133957860906280000,2025-06-30 19:41:30,34.1441319,-84.1948133,10.0,4.53,2.29, 
133957860926300000,2025-06-30 19:41:32,34.1444552,-84.1943153,10.0,4.48,2.27, 
133957860946170000,2025-06-30 19:41:34,34.1447808,-84.1938194,10.0,4.49,2.29, 
133957860966200000,2025-06-30 19:41:36,34.1451117,-84.1933257,10.0,4.51,2.29, 
133957860986330000,2025-06-30 19:41:38,34.1454578,-84.1928428,10.0,4.54,2.3, 
133957861006280000,2025-06-30 19:41:40,34.1458181,-84.1923719,10.0,4.54,2.3, 
133957861026240000,2025-06-30 19:41:42,34.1461924,-84.1919162,10.0,4.52,2.3, 
133957861046220000,2025-06-30 19:41:44,34.1465798,-84.1914767,11.0,4.51,2.29, 
133957861066230000,2025-06-30 19:41:46,34.146978,-84.1910536,11.0,4.52,2.3, 
133957861086150000,2025-06-30 19:41:48,34.1473871,-84.1906434,11.0,4.52,2.31, 
133957861106210000,2025-06-30 19:41:50,34.1478005,-84.1902365,11.0,4.5,2.31, 
133957861126510000,2025-06-30 19:41:52,34.1482118,-84.1898263,11.0,4.56,2.3, 
133957861146280000,2025-06-30 19:41:54,34.1486187,-84.1894216,11.0,4.56,2.3, 
133957861166340000,2025-06-30 19:41:56,34.149006,-84.1890364,10.0,4.62,2.33, 
133957861186630000,2025-06-30 19:41:58,34.1493706,-84.1886697,11.0,4.72,2.34, 
133957861206380000,2025-06-30 19:42:00,34.1497178,-84.1883268,10.0,4.7,2.33, 
133957861226690000,2025-06-30 19:42:02,34.1500466,-84.1880002,10.0,4.77,2.35, 
133957861246600000,2025-06-30 19:42:04,34.1503645,-84.1876844,10.0,4.8,2.38, 
133957861266750000,2025-06-30 19:42:06,34.1506705,-84.1873784,10.0,4.8,2.4, 
133957861286430000,2025-06-30 19:42:08,34.1509678,-84.1870833,10.0,4.76,2.4, 
133957861306450000,2025-06-30 19:42:10,34.1512619,-84.1867903,10.0,4.76,2.41, 
133957861326750000,2025-06-30 19:42:12,34.1515603,-84.1864963,10.0,4.76,2.41, 
133957861346560000,2025-06-30 19:42:14,34.151863,-84.1861957,10.0,4.76,2.41, 
133957861366700000,2025-06-30 19:42:16,34.1521766,-84.185881,10.0,4.7,2.42, 
133957861386550000,2025-06-30 19:42:18,34.1525054,-84.1855588,10.0,4.53,2.4, 
133957861406570000,2025-06-30 19:42:20,34.1528472,-84.1852213,11.0,4.53,2.42, 
133957861426580000,2025-06-30 19:42:22,34.1532009,-84.1848643,11.0,4.53,2.42, 
133957861446600000,2025-06-30 19:42:24,34.153547,-84.1844769,11.0,4.85,2.41, 
133957861466930000,2025-06-30 19:42:26,34.1538878,-84.1840559,11.0,4.85,2.4, 
133957861486630000,2025-06-30 19:42:28,34.1542241,-84.1836078,11.0,4.86,2.39, 
133957861506840000,2025-06-30 19:42:30,34.1545431,-84.1831336,11.0,4.85,2.38, 
133957861526840000,2025-06-30 19:42:32,34.1548448,-84.1826367,11.0,4.96,2.39, 
133957861546830000,2025-06-30 19:42:34,34.155128,-84.1821267,11.0,4.95,2.38, 
133957861567050000,2025-06-30 19:42:36,34.1553917,-84.181595,11.0,4.96,2.39, 
133957861586940000,2025-06-30 19:42:38,34.1556369,-84.1810394,11.0,4.86,2.41, 
133957861606830000,2025-06-30 19:42:40,34.1558648,-84.1804557,12.0,4.76,2.41, 
133957861626850000,2025-06-30 19:42:42,34.1560655,-84.1798546,12.0,4.74,2.41, 
133957861646900000,2025-06-30 19:42:44,34.1562358,-84.1792447,12.0,4.74,2.4, 
133957861667040000,2025-06-30 19:42:46,34.1563867,-84.1786306,12.0,4.74,2.41, 
133957861686990000,2025-06-30 19:42:48,34.1565407,-84.1780154,12.0,4.66,2.4, 
133957861707060000,2025-06-30 19:42:50,34.156697,-84.1774045,12.0,4.65,2.4, 
133957861726940000,2025-06-30 19:42:52,34.1568478,-84.1767914,12.0,4.44,2.4, 
133957861747150000,2025-06-30 19:42:54,34.1569965,-84.1761773,12.0,4.63,2.43, 
133957861767070000,2025-06-30 19:42:56,34.1571408,-84.175562,12.0,4.61,2.42, 
133957861787160000,2025-06-30 19:42:58,34.1572851,-84.1749414,12.0,4.56,2.41, 
133957861806940000,2025-06-30 19:43:00,34.1574338,-84.1743185,11.0,4.57,2.41, 
133957861827060000,2025-06-30 19:43:02,34.157577,-84.173699,11.0,4.66,2.4, 
133957861847170000,2025-06-30 19:43:04,34.15773,-84.1730859,13.0,4.66,2.4, 
133957861867340000,2025-06-30 19:43:06,34.1579058,-84.1724934,12.0,4.66,2.39, 
133957861887320000,2025-06-30 19:43:08,34.1581098,-84.1718999,12.0,4.67,2.4, 
133957861907200000,2025-06-30 19:43:10,34.158342,-84.1713259,12.0,4.67,2.41, 
133957861927110000,2025-06-30 19:43:12,34.1586089,-84.1707834,12.0,4.77,2.4, 
133957861947350000,2025-06-30 19:43:14,34.1589084,-84.1702669,12.0,4.77,2.4, 
133957861967120000,2025-06-30 19:43:16,34.1592371,-84.1697677,12.0,4.75,2.42, 
133957861987130000,2025-06-30 19:43:18,34.159592,-84.1692925,12.0,4.76,2.42, 
133957862007200000,2025-06-30 19:43:20,34.1599717,-84.1688487,12.0,4.75,2.41, 
133957862027320000,2025-06-30 19:43:22,34.1603667,-84.1684364,12.0,4.71,2.4, 
133957862047150000,2025-06-30 19:43:24,34.1607747,-84.1680349,12.0,4.72,2.41, 
133957862067380000,2025-06-30 19:43:26,34.1611848,-84.1676291,11.0,4.69,2.41, 
133957862087340000,2025-06-30 19:43:28,34.161595,-84.1672211,11.0,4.7,2.39, 
133957862107380000,2025-06-30 19:43:30,34.1620095,-84.166812,11.0,4.5,2.4, 
133957862127490000,2025-06-30 19:43:32,34.1624229,-84.1664019,11.0,4.59,2.41, 
133957862147460000,2025-06-30 19:43:34,34.1628363,-84.165995,10.0,4.57,2.41, 
133957862167370000,2025-06-30 19:43:36,34.1632486,-84.1655848,10.0,4.58,2.43, 
133957862187340000,2025-06-30 19:43:38,34.1636599,-84.1651757,10.0,4.59,2.43, 
133957862207340000,2025-06-30 19:43:40,34.164069,-84.1647699,10.0,4.59,2.43, 
133957862227370000,2025-06-30 19:43:42,34.1644845,-84.1643619,10.0,4.65,2.42, 
133957862247510000,2025-06-30 19:43:44,34.1648904,-84.1639594,10.0,4.45,2.39, 
133957862267410000,2025-06-30 19:43:46,34.1652929,-84.1635633,10.0,4.44,2.39, 
133957862287420000,2025-06-30 19:43:48,34.1656879,-84.1631759,10.0,4.41,2.4, 
133957862307450000,2025-06-30 19:43:50,34.1660796,-84.1627918,10.0,4.41,2.41, 
133957862327470000,2025-06-30 19:43:52,34.1664691,-84.1624099,10.0,4.42,2.43, 
133957862347510000,2025-06-30 19:43:54,34.1668598,-84.162029,10.0,4.42,2.43, 
133957862367420000,2025-06-30 19:43:56,34.1672504,-84.1616471,10.0,4.42,2.45, 
133957862387620000,2025-06-30 19:43:58,34.167641,-84.1612619,10.0,4.34,2.43, 
133957862407430000,2025-06-30 19:44:00,34.1680316,-84.1608767,10.0,4.46,2.43, 
133957862427480000,2025-06-30 19:44:02,34.1684255,-84.1604882,10.0,4.47,2.45, 
133957862447480000,2025-06-30 19:44:04,34.1688194,-84.1600987,10.0,4.37,2.46, 
133957862467950000,2025-06-30 19:44:06,34.1692144,-84.1597092,10.0,4.31,2.46, 
133957862487740000,2025-06-30 19:44:08,34.1696104,-84.1593185,10.0,4.41,2.44, 
133957862507470000,2025-06-30 19:44:10,34.1700086,-84.1589279,9.0,4.58,2.45, 
133957862527620000,2025-06-30 19:44:12,34.170409,-84.1585373,10.0,4.59,2.46, 
133957862547820000,2025-06-30 19:44:14,34.1708062,-84.1581467,10.0,4.74,2.48, 
133957862567640000,2025-06-30 19:44:16,34.1712033,-84.157756,9.0,4.67,2.5, 
133957862587760000,2025-06-30 19:44:18,34.1715993,-84.1573632,10.0,4.71,2.51, 
133957862607770000,2025-06-30 19:44:20,34.1719878,-84.1569574,9.0,4.88,2.52, 
133957862627680000,2025-06-30 19:44:22,34.1723687,-84.1565321,9.0,4.89,2.52, 
133957862647910000,2025-06-30 19:44:24,34.1727365,-84.1560883,9.0,4.87,2.51, 
133957862667880000,2025-06-30 19:44:26,34.1730978,-84.155625,10.0,4.84,2.52, 
133957862687880000,2025-06-30 19:44:28,34.173444,-84.1551497,10.0,4.84,2.53, 
133957862707910000,2025-06-30 19:44:30,34.1737771,-84.1546625,10.0,4.74,2.53, 
133957862727710000,2025-06-30 19:44:32,34.1740972,-84.1541612,10.0,4.8,2.53, 
133957862747860000,2025-06-30 19:44:34,34.1743999,-84.1536512,10.0,4.89,2.52, 
133957862767830000,2025-06-30 19:44:36,34.1746864,-84.153138,10.0,4.78,2.52, 
133957862787740000,2025-06-30 19:44:38,34.1749587,-84.1526085,10.0,4.74,2.5, 
133957862808020000,2025-06-30 19:44:40,34.1752159,-84.1520638,10.0,4.57,2.51, 
133957862827890000,2025-06-30 19:44:42,34.1754622,-84.1515169,10.0,4.59,2.5, 
133957862848100000,2025-06-30 19:44:44,34.1757009,-84.1509776,10.0,4.58,2.49, 
133957862867890000,2025-06-30 19:44:46,34.1759299,-84.1504546,10.0,4.56,2.49, 
133957862887950000,2025-06-30 19:44:48,34.1761534,-84.1499392,10.0,4.55,2.5, 
133957862908220000,2025-06-30 19:44:50,34.1763726,-84.1494325,10.0,4.56,2.52, 
133957862927890000,2025-06-30 19:44:52,34.1765885,-84.1489344,9.0,4.54,2.53, 
133957862947940000,2025-06-30 19:44:54,34.1768023,-84.1484396,9.0,4.6,2.51, 
133957862968440000,2025-06-30 19:44:56,34.1770138,-84.1479427,9.0,4.65,2.5, 
133957862988540000,2025-06-30 19:44:58,34.1772276,-84.1474424,9.0,4.67,2.49, 
133957863008220000,2025-06-30 19:45:00,34.1774424,-84.1469422,9.0,4.59,2.47, 
133957863028040000,2025-06-30 19:45:02,34.1776573,-84.1464409,9.0,4.68,2.48, 
133957863048380000,2025-06-30 19:45:04,34.1778754,-84.1459331,9.0,4.72,2.46, 
133957863068220000,2025-06-30 19:45:06,34.1780967,-84.1454166,9.0,4.72,2.45, 
133957863088150000,2025-06-30 19:45:08,34.1783246,-84.1448904,9.0,4.71,2.44, 
133957863108170000,2025-06-30 19:45:10,34.1785557,-84.14435,9.0,4.89,2.43, 
133957863128290000,2025-06-30 19:45:12,34.1787934,-84.1437966,9.0,4.89,2.43, 
133957863148210000,2025-06-30 19:45:14,34.1790483,-84.1432497,10.0,4.89,2.43, 
133957863168360000,2025-06-30 19:45:16,34.1793315,-84.1427094,10.0,4.9,2.45, 
133957863188370000,2025-06-30 19:45:18,34.1796473,-84.1421929,11.0,4.71,2.41, 
133957863208670000,2025-06-30 19:45:20,34.1799913,-84.1417035,11.0,4.6,2.4, 
133957863228720000,2025-06-30 19:45:22,34.1803602,-84.1412424,11.0,4.43,2.4, 
133957863248480000,2025-06-30 19:45:24,34.1807573,-84.1408094,12.0,4.44,2.41, 
133957863268410000,2025-06-30 19:45:26,34.1811762,-84.1404079,12.0,4.45,2.42, 
133957863288410000,2025-06-30 19:45:28,34.1816145,-84.1400401,12.0,4.57,2.42, 
133957863308490000,2025-06-30 19:45:30,34.1820692,-84.1397081,12.0,4.59,2.43, 
133957863328380000,2025-06-30 19:45:32,34.1825368,-84.139401,11.0,4.54,2.41, 
133957863348600000,2025-06-30 19:45:34,34.1830023,-84.1390961,11.0,4.48,2.4, 
133957863368440000,2025-06-30 19:45:36,34.1834711,-84.1387934,11.0,4.49,2.41, 
133957863398540000,2025-06-30 19:45:39,34.1841807,-84.1383322,11.0,4.45,2.42, 
133957863418460000,2025-06-30 19:45:41,34.1846473,-84.1380338,11.0,4.54,2.43, 
133957863438570000,2025-06-30 19:45:43,34.1851128,-84.1377354,11.0,4.54,2.42, 
133957863458540000,2025-06-30 19:45:45,34.1855783,-84.1374359,10.0,4.53,2.41, 
133957863478600000,2025-06-30 19:45:47,34.186046,-84.1371354,10.0,4.54,2.42, 
133957863498510000,2025-06-30 19:45:49,34.1865115,-84.1368348,10.0,4.5,2.4, 
133957863518520000,2025-06-30 19:45:51,34.186978,-84.1365299,10.0,4.48,2.4, 
133957863538590000,2025-06-30 19:45:53,34.187449,-84.1362282,11.0,4.46,2.4, 
133957863558560000,2025-06-30 19:45:55,34.1879231,-84.1359223,11.0,4.55,2.42, 
133957863578610000,2025-06-30 19:45:57,34.1883973,-84.135613,11.0,4.68,2.44, 
133957863598660000,2025-06-30 19:45:59,34.1888693,-84.1353081,10.0,4.76,2.45, 
133957863618660000,2025-06-30 19:46:01,34.1893413,-84.135,10.0,4.94,2.46, 
133957863638660000,2025-06-30 19:46:03,34.1898068,-84.134682,10.0,4.97,2.47, 
133957863658810000,2025-06-30 19:46:05,34.190268,-84.1343543,10.0,4.97,2.48, 
133957863678740000,2025-06-30 19:46:07,34.1907248,-84.134018,10.0,4.98,2.49, 
133957863698690000,2025-06-30 19:46:09,34.1911762,-84.1336762,10.0,4.92,2.48, 
133957863718800000,2025-06-30 19:46:11,34.191621,-84.1333224,10.0,4.93,2.5, 
133957863738750000,2025-06-30 19:46:13,34.1920616,-84.1329622,10.0,4.87,2.49, 
133957863758770000,2025-06-30 19:46:15,34.1924956,-84.1325911,10.0,4.79,2.48, 
133957863778780000,2025-06-30 19:46:17,34.1929242,-84.1322081,10.0,4.69,2.47, 
133957863798810000,2025-06-30 19:46:19,34.1933528,-84.1318272,10.0,4.64,2.48, 
133957863818800000,2025-06-30 19:46:21,34.1937803,-84.1314463,10.0,4.63,2.46, 
133957863838850000,2025-06-30 19:46:23,34.1942078,-84.1310655,10.0,4.58,2.46, 
133957863858700000,2025-06-30 19:46:25,34.1946332,-84.1306879,10.0,4.69,2.48, 
133957863878750000,2025-06-30 19:46:27,34.1950564,-84.1303103,10.0,4.68,2.48, 
133957863898880000,2025-06-30 19:46:29,34.1954774,-84.1299305,10.0,4.69,2.49, 
133957863918930000,2025-06-30 19:46:31,34.1959006,-84.1295518,10.0,4.69,2.5, 
133957863938950000,2025-06-30 19:46:33,34.1963216,-84.1291742,10.0,4.58,2.5, 
133957863958820000,2025-06-30 19:46:35,34.1967437,-84.1287966,10.0,4.58,2.49, 
133957863979110000,2025-06-30 19:46:37,34.1971679,-84.1284201,10.0,4.61,2.48, 
133957863998980000,2025-06-30 19:46:39,34.1975965,-84.1280392,10.0,4.45,2.49, 
133957864019060000,2025-06-30 19:46:41,34.1980273,-84.1276519,10.0,4.29,2.48, 
133957864038900000,2025-06-30 19:46:43,34.1984581,-84.1272677,10.0,4.3,2.49, 
133957864059130000,2025-06-30 19:46:45,34.1988845,-84.1268945,11.0,4.29,2.48, 
133957864079100000,2025-06-30 19:46:47,34.1993055,-84.1265277,11.0,4.17,2.48, 
133957864099190000,2025-06-30 19:46:49,34.1997309,-84.1261762,11.0,4.19,2.5, 
133957864118980000,2025-06-30 19:46:51,34.2001736,-84.1258539,12.0,4.19,2.5, 
133957864138920000,2025-06-30 19:46:53,34.2006271,-84.1255588,11.0,4.19,2.5, 
133957864159130000,2025-06-30 19:46:55,34.2010959,-84.1252853,12.0,4.19,2.49, 
133957864179040000,2025-06-30 19:46:57,34.2015776,-84.1250401,12.0,4.19,2.5, 
133957864199060000,2025-06-30 19:46:59,34.2020713,-84.1248198,12.0,4.29,2.5, 
133957864219230000,2025-06-30 19:47:01,34.2025759,-84.1246299,12.0,4.41,2.5, 
133957864239190000,2025-06-30 19:47:03,34.2030848,-84.1244672,13.0,4.37,2.51, 
133957864259140000,2025-06-30 19:47:05,34.2035991,-84.1243283,12.0,4.37,2.5, 
133957864279130000,2025-06-30 19:47:07,34.2041156,-84.1241883,12.0,4.37,2.5, 
133957864299160000,2025-06-30 19:47:09,34.204631,-84.1240516,12.0,4.2,2.48, 
133957864319220000,2025-06-30 19:47:11,34.2051486,-84.1239138,12.0,4.28,2.5, 
133957864339460000,2025-06-30 19:47:13,34.2056684,-84.1237749,12.0,4.28,2.52, 
133957864359230000,2025-06-30 19:47:15,34.2061848,-84.1236371,12.0,4.27,2.52, 
133957864379410000,2025-06-30 19:47:17,34.2067046,-84.1234971,11.0,4.19,2.53, 
133957864399290000,2025-06-30 19:47:19,34.2072189,-84.1233615,11.0,4.19,2.53, 
133957864419470000,2025-06-30 19:47:21,34.2077332,-84.1232269,11.0,4.19,2.53, 
133957864439200000,2025-06-30 19:47:23,34.2082486,-84.1230913,11.0,4.19,2.53, 
133957864459280000,2025-06-30 19:47:25,34.2087673,-84.1229513,11.0,4.21,2.53, 
133957864479320000,2025-06-30 19:47:27,34.2092838,-84.1227918,12.0,4.22,2.53, 
133957864499270000,2025-06-30 19:47:29,34.2097894,-84.1225954,13.0,4.22,2.54, 
133957864519370000,2025-06-30 19:47:31,34.2102842,-84.1223621,13.0,4.22,2.54, 
133957864539310000,2025-06-30 19:47:33,34.2107671,-84.1220952,13.0,4.2,2.55, 
133957864559390000,2025-06-30 19:47:35,34.2112369,-84.1217914,13.0,4.2,2.55, 
133957864579830000,2025-06-30 19:47:37,34.2116905,-84.1214561,13.0,4.21,2.55, 
133957864599650000,2025-06-30 19:47:39,34.2121267,-84.1210883,14.0,4.2,2.55, 
133957864619400000,2025-06-30 19:47:41,34.2125455,-84.1206879,14.0,4.2,2.54, 
133957864639650000,2025-06-30 19:47:43,34.212947,-84.1202549,14.0,4.19,2.55, 
133957864659480000,2025-06-30 19:47:45,34.2133268,-84.119796,13.0,4.33,2.54, 
133957864679390000,2025-06-30 19:47:47,34.2136827,-84.1193142,13.0,4.25,2.53, 
133957864699490000,2025-06-30 19:47:49,34.2140288,-84.1188226,13.0,4.24,2.52, 
133957864719460000,2025-06-30 19:47:51,34.214376,-84.1183355,13.0,4.25,2.53, 
133957864739730000,2025-06-30 19:47:53,34.21472,-84.1178439,13.0,4.24,2.54, 
133957864759750000,2025-06-30 19:47:55,34.215064,-84.1173546,12.0,4.25,2.56, 
133957864779530000,2025-06-30 19:47:57,34.2154112,-84.1168619,12.0,4.22,2.57, 
133957864799570000,2025-06-30 19:47:59,34.2157562,-84.1163682,12.0,4.22,2.57, 
133957864819490000,2025-06-30 19:48:01,34.2161002,-84.1158767,12.0,4.22,2.55, 
133957864839560000,2025-06-30 19:48:03,34.2164442,-84.1153862,12.0,4.43,2.57, 
133957864859640000,2025-06-30 19:48:05,34.2167881,-84.1148969,12.0,4.51,2.56, 
133957864879750000,2025-06-30 19:48:07,34.2171299,-84.1144075,11.0,4.51,2.56, 
133957864899740000,2025-06-30 19:48:09,34.2174717,-84.1139192,11.0,4.52,2.58, 
133957864919640000,2025-06-30 19:48:11,34.2178125,-84.1134299,11.0,4.58,2.57, 
133957864939810000,2025-06-30 19:48:13,34.2181564,-84.1129405,11.0,4.58,2.58, 
133957864959720000,2025-06-30 19:48:15,34.2185004,-84.112449,11.0,4.59,2.57, 
133957864979780000,2025-06-30 19:48:17,34.2188422,-84.1119596,11.0,4.62,2.56, 
133957864999810000,2025-06-30 19:48:19,34.2191861,-84.111467,10.0,4.62,2.54, 
133957865019840000,2025-06-30 19:48:21,34.2195269,-84.1109765,11.0,4.69,2.56, 
133957865039860000,2025-06-30 19:48:23,34.2198708,-84.1104839,10.0,4.75,2.57, 
133957865060010000,2025-06-30 19:48:26,34.2202137,-84.1099945,10.0,4.88,2.59, 
133957865079910000,2025-06-30 19:48:27,34.2205555,-84.1095138,11.0,4.89,2.61, 
133957865100030000,2025-06-30 19:48:30,34.2208875,-84.1090353,11.0,4.76,2.61, 
133957865119900000,2025-06-30 19:48:31,34.2212228,-84.1085568,10.0,4.96,2.61, 
133957865139780000,2025-06-30 19:48:33,34.2215559,-84.1080815,10.0,5.01,2.62, 
133957865159820000,2025-06-30 19:48:35,34.221888,-84.1076106,10.0,4.87,2.61, 
133957865179820000,2025-06-30 19:48:37,34.222233,-84.1071527,11.0,4.87,2.62, 
133957865199910000,2025-06-30 19:48:39,34.2225922,-84.1067198,11.0,4.96,2.67, 
133957865219910000,2025-06-30 19:48:41,34.2229665,-84.1063129,11.0,4.96,2.67, 
133957865239950000,2025-06-30 19:48:43,34.2233528,-84.1059299,12.0,4.98,2.69, 
133957865259880000,2025-06-30 19:48:45,34.2237434,-84.105574,12.0,5.04,2.7, 
133957865280060000,2025-06-30 19:48:48,34.2241384,-84.1052539,12.0,5.05,2.72, 
133957865299890000,2025-06-30 19:48:49,34.2245323,-84.1049544,12.0,4.99,2.75, 
133957865319900000,2025-06-30 19:48:51,34.2249283,-84.1046625,11.0,4.95,2.74, 
133957865339990000,2025-06-30 19:48:53,34.2253255,-84.1043695,12.0,4.95,2.75, 
133957865359920000,2025-06-30 19:48:55,34.2257269,-84.1040733,11.0,5.11,2.77, 
133957865380000000,2025-06-30 19:48:58,34.2261306,-84.103776,11.0,5.09,2.78, 
133957865400070000,2025-06-30 19:49:00,34.2265386,-84.1034819,11.0,5.1,2.79, 
133957865420420000,2025-06-30 19:49:02,34.2269531,-84.1031792,10.0,5.11,2.79, 
133957865440130000,2025-06-30 19:49:04,34.2273719,-84.1028776,10.0,5.11,2.79, 
133957865460130000,2025-06-30 19:49:06,34.2278049,-84.1025802,10.0,5.12,2.79, 
133957865480530000,2025-06-30 19:49:08,34.2282508,-84.102296,10.0,5.15,2.78, 
133957865500230000,2025-06-30 19:49:10,34.2287131,-84.1020236,10.0,5.09,2.8, 
133957865520140000,2025-06-30 19:49:12,34.2291937,-84.1017643,10.0,5.05,2.82, 
133957865540330000,2025-06-30 19:49:14,34.2296701,-84.1015169,11.0,5.03,2.83, 
133957865560370000,2025-06-30 19:49:16,34.2301822,-84.1013009,12.0,5.03,2.82, 
133957865580220000,2025-06-30 19:49:18,34.2306901,-84.101098,12.0,4.91,2.79, 
133957865600300000,2025-06-30 19:49:20,34.2312033,-84.1009038,12.0,5.06,2.83, 
133957865620270000,2025-06-30 19:49:22,34.2317165,-84.1007096,12.0,5.18,2.85, 
133957865640350000,2025-06-30 19:49:24,34.2322309,-84.1005143,11.0,5.28,2.85, 
133957865660360000,2025-06-30 19:49:26,34.232743,-84.1003179,11.0,5.1,2.85, 
133957865680310000,2025-06-30 19:49:28,34.2332573,-84.1001236,11.0,5.23,2.86, 
133957865700420000,2025-06-30 19:49:30,34.2337717,-84.0999305,11.0,5.23,2.86, 
133957865721060000,2025-06-30 19:49:32,34.2342849,-84.0997374,11.0,5.23,2.85, 
133957865740710000,2025-06-30 19:49:34,34.234796,-84.0995421,11.0,5.26,2.87, 
133957865760900000,2025-06-30 19:49:36,34.2353049,-84.0993489,10.0,5.37,2.88, 
133957865780390000,2025-06-30 19:49:38,34.2358138,-84.0991525,11.0,5.37,2.88, 
133957865800390000,2025-06-30 19:49:40,34.2363216,-84.0989572,10.0,5.47,2.88, 
133957865820460000,2025-06-30 19:49:42,34.2368294,-84.0987619,10.0,5.5,2.88, 
133957865840470000,2025-06-30 19:49:44,34.2373361,-84.0985666,10.0,5.39,2.89, 
133957865860560000,2025-06-30 19:49:46,34.2378428,-84.0983734,10.0,5.38,2.9, 
133957865880510000,2025-06-30 19:49:48,34.2383485,-84.0981814,10.0,5.37,2.89, 
133957865900670000,2025-06-30 19:49:50,34.2388552,-84.0979861,10.0,5.37,2.88, 
133957865920550000,2025-06-30 19:49:52,34.2393619,-84.0977929,10.0,5.58,2.91, 
133957865940720000,2025-06-30 19:49:54,34.2398676,-84.097603,10.0,5.56,2.92, 
133957865960510000,2025-06-30 19:49:56,34.24037,-84.0974153,10.0,5.53,2.9, 
133957865980610000,2025-06-30 19:49:58,34.2408713,-84.0972222,10.0,5.71,2.91, 
133957866000530000,2025-06-30 19:50:00,34.2413726,-84.0970301,10.0,5.71,2.91, 
133957866020650000,2025-06-30 19:50:02,34.2418739,-84.096837,10.0,5.89,2.91, 
133957866040550000,2025-06-30 19:50:04,34.2423784,-84.0966427,10.0,5.89,2.92, 
133957866060710000,2025-06-30 19:50:06,34.2428841,-84.0964507,10.0,5.96,2.93, 
133957866080720000,2025-06-30 19:50:08,34.2433875,-84.0962575,10.0,5.96,2.93, 
133957866100800000,2025-06-30 19:50:10,34.2438932,-84.0960655,10.0,5.96,2.91, 
133957866120860000,2025-06-30 19:50:12,34.244401,-84.0958723,10.0,5.75,2.89, 
133957866140820000,2025-06-30 19:50:14,34.2449077,-84.095677,10.0,5.75,2.9, 
133957866160810000,2025-06-30 19:50:16,34.2454123,-84.0954871,10.0,5.51,2.89, 
133957866181090000,2025-06-30 19:50:18,34.2459201,-84.0952929,10.0,5.51,2.89, 
133957866200900000,2025-06-30 19:50:20,34.2464279,-84.0950998,10.0,5.6,2.91, 
133957866220850000,2025-06-30 19:50:22,34.2469346,-84.0949077,10.0,5.65,2.93, 
133957866240920000,2025-06-30 19:50:24,34.2474435,-84.0947092,10.0,5.7,2.93, 
133957866260830000,2025-06-30 19:50:26,34.2479546,-84.0945128,10.0,5.69,2.92, 
133957866280960000,2025-06-30 19:50:28,34.2484635,-84.0943174,10.0,5.81,2.95, 
133957866300950000,2025-06-30 19:50:30,34.2489713,-84.0941232,10.0,5.81,2.94, 
133957866321020000,2025-06-30 19:50:32,34.2494802,-84.0939268,10.0,5.79,2.93, 
133957866340950000,2025-06-30 19:50:34,34.2499913,-84.0937304,10.0,5.8,2.93, 
133957866361010000,2025-06-30 19:50:36,34.2504991,-84.0935351,10.0,5.79,2.93, 
133957866381030000,2025-06-30 19:50:38,34.251008,-84.0933398,10.0,5.79,2.93, 
133957866401060000,2025-06-30 19:50:40,34.251518,-84.0931456,10.0,5.77,2.92, 
133957866420990000,2025-06-30 19:50:42,34.2520269,-84.0929513,10.0,5.64,2.91, 
133957866441120000,2025-06-30 19:50:44,34.2525379,-84.0927593,10.0,5.67,2.92, 
133957866461140000,2025-06-30 19:50:46,34.2530479,-84.0925651,10.0,5.68,2.92, 
133957866480970000,2025-06-30 19:50:48,34.2535557,-84.0923752,10.0,5.67,2.91, 
133957866501220000,2025-06-30 19:50:50,34.2540614,-84.0921853,10.0,5.76,2.95, 
133957866521230000,2025-06-30 19:50:52,34.2545692,-84.0919932,10.0,5.76,2.94, 
133957866541190000,2025-06-30 19:50:54,34.2550737,-84.0918033,10.0,5.73,2.94, 
133957866561200000,2025-06-30 19:50:56,34.2555794,-84.0916091,10.0,5.74,2.95, 
133957866581330000,2025-06-30 19:50:58,34.2560872,-84.0914149,10.0,5.74,2.96, 
133957866601180000,2025-06-30 19:51:00,34.2565939,-84.0912228,10.0,5.74,2.96, 
133957866621090000,2025-06-30 19:51:02,34.2571017,-84.0910297,10.0,5.91,2.98, 
133957866641080000,2025-06-30 19:51:04,34.2576063,-84.0908322,10.0,5.92,2.97, 
133957866661190000,2025-06-30 19:51:06,34.2581054,-84.090625,10.0,6.09,2.96, 
133957866681310000,2025-06-30 19:51:08,34.2585937,-84.0903949,10.0,6.09,2.95, 
133957866701450000,2025-06-30 19:51:10,34.2590744,-84.0901453,10.0,6.17,2.96, 
133957866721300000,2025-06-30 19:51:12,34.2595507,-84.0898784,10.0,6.17,2.97, 
133957866741180000,2025-06-30 19:51:14,34.2600217,-84.089592,10.0,6.23,2.98, 
133957866761340000,2025-06-30 19:51:16,34.2604828,-84.0892849,11.0,6.12,2.98, 
133957866781300000,2025-06-30 19:51:18,34.2609353,-84.0889594,11.0,6.33,3.02, 
133957866801240000,2025-06-30 19:51:20,34.2613671,-84.0886111,11.0,6.31,3.0, 
133957866821360000,2025-06-30 19:51:22,34.2617903,-84.0882432,11.0,6.31,3.02, 
133957866841300000,2025-06-30 19:51:24,34.2622026,-84.0878591,12.0,6.32,3.03, 
133957866861290000,2025-06-30 19:51:26,34.2626106,-84.0874674,11.0,6.31,3.04, 
133957866881820000,2025-06-30 19:51:28,34.2630099,-84.0870746,11.0,6.25,3.02, 
133957866901470000,2025-06-30 19:51:30,34.2634038,-84.0866861,11.0,6.29,3.03, 
133957866921560000,2025-06-30 19:51:32,34.263789,-84.0863009,11.0,6.29,3.04, 
133957866941400000,2025-06-30 19:51:34,34.2641677,-84.0859385,11.0,6.31,3.05, 
133957866961420000,2025-06-30 19:51:36,34.2645529,-84.0855653,11.0,6.38,3.07, 
133957866981540000,2025-06-30 19:51:38,34.2649565,-84.0851898,11.0,6.47,3.1, 
133957867001440000,2025-06-30 19:51:40,34.2653624,-84.0848057,11.0,6.55,3.12, 
133957867021590000,2025-06-30 19:51:42,34.2657769,-84.084414,11.0,6.53,3.12, 
133957867041800000,2025-06-30 19:51:44,34.2661892,-84.0840125,11.0,6.6,3.14, 
133957867061740000,2025-06-30 19:51:46,34.2665907,-84.0836197,11.0,6.6,3.14, 
133957867081580000,2025-06-30 19:51:48,34.2669845,-84.0832356,11.0,6.83,3.16, 
133957867101820000,2025-06-30 19:51:50,34.2673763,-84.0828537,11.0,6.83,3.16, 
133957867121580000,2025-06-30 19:51:52,34.2677625,-84.082475,11.0,6.85,3.18, 
133957867141610000,2025-06-30 19:51:54,34.2681423,-84.0821039,11.0,6.84,3.18, 
133957867162870000,2025-06-30 19:51:56,34.2685177,-84.0817361,11.0,6.86,3.18, 
133957867181610000,2025-06-30 19:51:58,34.2688921,-84.0813682,11.0,6.93,3.18, 
133957867201670000,2025-06-30 19:52:00,34.2692719,-84.0809982,10.0,7.03,3.19, 
133957867221660000,2025-06-30 19:52:02,34.2696473,-84.0806336,10.0,6.88,3.2, 
133957867241620000,2025-06-30 19:52:04,34.2700249,-84.0802712,10.0,6.88,3.22, 
133957867261850000,2025-06-30 19:52:06,34.2703993,-84.079911,10.0,6.88,3.22, 
133957867281860000,2025-06-30 19:52:08,34.2707736,-84.0795616,10.0,7.02,3.2, 
133957867301930000,2025-06-30 19:52:10,34.2711545,-84.0792176,10.0,7.01,3.18, 
133957867321910000,2025-06-30 19:52:12,34.271557,-84.078891,10.0,7.02,3.2, 
133957867341800000,2025-06-30 19:52:14,34.2719791,-84.0785883,11.0,7.08,3.21, 
133957867361850000,2025-06-30 19:52:16,34.2724142,-84.0783072,11.0,7.07,3.2, 
133957867381780000,2025-06-30 19:52:18,34.2728645,-84.0780457,11.0,7.07,3.22, 
133957867401850000,2025-06-30 19:52:20,34.2733333,-84.0778114,11.0,6.98,3.21, 
133957867421820000,2025-06-30 19:52:22,34.2738151,-84.0775987,11.0,6.91,3.21, 
133957867441880000,2025-06-30 19:52:24,34.2743033,-84.0774131,11.0,6.98,3.21, 
133957867461820000,2025-06-30 19:52:26,34.2747927,-84.0772536,11.0,6.98,3.21, 
133957867481950000,2025-06-30 19:52:28,34.2752886,-84.0771245,12.0,6.97,3.22, 
133957867501930000,2025-06-30 19:52:30,34.2757877,-84.0770269,11.0,6.97,3.23, 
133957867521940000,2025-06-30 19:52:32,34.2762868,-84.0769455,11.0,6.84,3.23, 
133957867541980000,2025-06-30 19:52:34,34.2767795,-84.0768663,11.0,6.81,3.22, 
133957867561990000,2025-06-30 19:52:36,34.2772699,-84.0767849,11.0,6.81,3.23, 
133957867582000000,2025-06-30 19:52:38,34.2777549,-84.0767078,11.0,6.79,3.22, 
133957867602170000,2025-06-30 19:52:40,34.2782302,-84.076633,11.0,6.63,3.21, 
133957867621940000,2025-06-30 19:52:42,34.2786892,-84.0765614,11.0,6.33,3.18, 
133957867642000000,2025-06-30 19:52:44,34.2791319,-84.0764908,11.0,6.33,3.16, 
133957867661990000,2025-06-30 19:52:46,34.2795583,-84.0764236,10.0,6.32,3.16, 
133957867681990000,2025-06-30 19:52:48,34.2799717,-84.0763552,10.0,6.23,3.14, 
133957867702100000,2025-06-30 19:52:50,34.2803667,-84.0763075,11.0,6.34,3.15, 
133957867722030000,2025-06-30 19:52:52,34.2807411,-84.0762912,12.0,6.34,3.16, 
133957867742030000,2025-06-30 19:52:54,34.2810796,-84.0762782,12.0,6.35,3.18, 
133957867762240000,2025-06-30 19:52:56,34.2813682,-84.0762554,12.0,6.27,3.17, 
133957867782070000,2025-06-30 19:52:58,34.2815961,-84.0762228,12.0,6.37,3.18, 
133957867802120000,2025-06-30 19:53:00,34.2817523,-84.0761968,13.0,6.34,3.16, 
133957867852070000,2025-06-30 19:53:05,34.2818478,-84.0761773,13.0,6.2,3.13, 
133957867902100000,2025-06-30 19:53:10,34.2818489,-84.076174,11.0,6.37,3.13, 
133957867952380000,2025-06-30 19:53:15,34.2818706,-84.0761675,12.0,6.26,3.11, 
133957867962210000,2025-06-30 19:53:16,34.2819151,-84.0761599,13.0,6.42,3.11, 
133957867982410000,2025-06-30 19:53:18,34.2820627,-84.0761859,13.0,6.44,3.13, 
133957868002200000,2025-06-30 19:53:20,34.2821679,-84.0763107,15.0,6.61,3.13, 
133957868022230000,2025-06-30 19:53:22,34.2821853,-84.0764973,16.0,6.6,3.13, 
133957868042200000,2025-06-30 19:53:24,34.2821723,-84.076697,15.0,6.63,3.13, 
133957868062300000,2025-06-30 19:53:26,34.2822406,-84.0768511,16.0,6.62,3.14, 
133957868082290000,2025-06-30 19:53:28,34.2824142,-84.0769184,18.0,6.62,3.13, 
133957868102390000,2025-06-30 19:53:30,34.2826356,-84.0769791,16.0,6.64,3.16, 
133957868122390000,2025-06-30 19:53:32,34.2828797,-84.0770431,18.0,6.68,3.2, 
133957868142500000,2025-06-30 19:53:34,34.2831141,-84.0770963,15.0,6.72,3.24, 
133957868162390000,2025-06-30 19:53:36,34.2833224,-84.0771365,15.0,6.55,3.23, 
133957868182420000,2025-06-30 19:53:38,34.2834852,-84.0771679,14.0,6.44,3.23, 
133957868212440000,2025-06-30 19:53:41,34.2836197,-84.0773318,16.0,6.44,3.23, 
133957868232630000,2025-06-30 19:53:43,34.2836187,-84.0775368,18.0,6.45,3.23, 
133957868252500000,2025-06-30 19:53:45,34.2836154,-84.0779318,16.0,6.37,3.23, 
133957868272660000,2025-06-30 19:53:47,34.2836176,-84.0782204,15.0,6.37,3.23, 
133957868292590000,2025-06-30 19:53:49,34.2836219,-84.0785145,15.0,6.37,3.2, 
133957868312740000,2025-06-30 19:53:51,34.2836263,-84.0788237,14.0,6.42,3.2, 
133957868332710000,2025-06-30 19:53:53,34.2836252,-84.0791558,14.0,6.46,3.22, 
133957868352690000,2025-06-30 19:53:55,34.2836273,-84.0795041,14.0,6.56,3.24, 
133957868372730000,2025-06-30 19:53:57,34.2836306,-84.0798676,14.0,6.68,3.25, 
133957868392850000,2025-06-30 19:53:59,34.2836306,-84.080243,14.0,6.63,3.24, 
133957868412650000,2025-06-30 19:54:01,34.2836273,-84.0806325,14.0,6.69,3.23, 
133957868432840000,2025-06-30 19:54:03,34.2836252,-84.0810373,13.0,6.8,3.24, 
133957868452870000,2025-06-30 19:54:05,34.2836241,-84.0814442,13.0,6.92,3.27, 
133957868472720000,2025-06-30 19:54:07,34.2836208,-84.0818576,14.0,6.9,3.28, 
133957868492840000,2025-06-30 19:54:09,34.2836132,-84.0822721,13.0,6.75,3.26, 
133957868512910000,2025-06-30 19:54:11,34.2836013,-84.0826942,13.0,6.7,3.25, 
133957868532780000,2025-06-30 19:54:13,34.2835991,-84.0831195,13.0,6.5,3.24, 
133957868553010000,2025-06-30 19:54:15,34.2836046,-84.0835525,12.0,6.5,3.23, 
133957868572830000,2025-06-30 19:54:17,34.2836078,-84.0839767,12.0,6.62,3.25, 
133957868592930000,2025-06-30 19:54:19,34.2836143,-84.0843771,13.0,6.63,3.26, 
133957868612950000,2025-06-30 19:54:21,34.2836187,-84.0847384,13.0,6.7,3.28, 
133957868632860000,2025-06-30 19:54:23,34.2836241,-84.085052,13.0,6.71,3.28, 
133957868653030000,2025-06-30 19:54:25,34.2836827,-84.0853331,14.0,6.69,3.28, 
133957868672930000,2025-06-30 19:54:27,34.283827,-84.0855588,16.0,6.71,3.29, 
133957868692970000,2025-06-30 19:54:29,34.2840614,-84.0857031,17.0,6.85,3.29, 
133957868713160000,2025-06-30 19:54:31,34.2843435,-84.0858268,17.0,6.82,3.26, 
133957868733050000,2025-06-30 19:54:33,34.2846365,-84.0859559,16.0,6.81,3.24, 
133957868753210000,2025-06-30 19:54:35,34.2849392,-84.0860807,16.0,6.93,3.23, 
133957868773240000,2025-06-30 19:54:37,34.2852473,-84.0862098,14.0,6.87,3.2, 
133957868793030000,2025-06-30 19:54:39,34.2855555,-84.0863389,14.0,6.79,3.2, 
133957868813100000,2025-06-30 19:54:41,34.2858528,-84.0864724,14.0,6.77,3.21, 
133957868833080000,2025-06-30 19:54:43,34.2861176,-84.0866395,14.0,6.67,3.18, 
133957868853050000,2025-06-30 19:54:45,34.2863237,-84.086875,16.0,6.65,3.16, 
133957868873210000,2025-06-30 19:54:47,34.2864898,-84.0871788,16.0,6.65,3.17, 
133957868893100000,2025-06-30 19:54:49,34.2866493,-84.0874826,15.0,6.63,3.15, 
133957868913100000,2025-06-30 19:54:51,34.2867979,-84.0877539,15.0,6.63,3.16, 
133957868933140000,2025-06-30 19:54:53,34.2869086,-84.0879709,15.0,6.68,3.18, 
133957868953190000,2025-06-30 19:54:55,34.2869835,-84.0881076,16.0,6.68,3.18, 
133957869003160000,2025-06-30 19:55:00,34.2870811,-84.0881716,17.0,6.75,3.19, 
133957869013340000,2025-06-30 19:55:01,34.2871419,-84.0881597,17.0,6.75,3.19, 
133957869033380000,2025-06-30 19:55:03,34.2873448,-84.0880848,18.0,6.75,3.18, 
133957869053410000,2025-06-30 19:55:05,34.2876671,-84.0879741,17.0,6.68,3.18, 
133957869073450000,2025-06-30 19:55:07,34.288074,-84.0878895,17.0,6.7,3.17, 
133957869093370000,2025-06-30 19:55:09,34.2885047,-84.0878732,17.0,6.87,3.19, 
133957869113480000,2025-06-30 19:55:11,34.2889507,-84.0879058,16.0,6.88,3.18, 
133957869133380000,2025-06-30 19:55:13,34.2893967,-84.0879503,16.0,7.0,3.17, 
133957869153410000,2025-06-30 19:55:15,34.2898426,-84.0879947,16.0,7.13,3.17, 
133957869173440000,2025-06-30 19:55:17,34.2902821,-84.0880381,16.0,7.05,3.17, 
133957869193420000,2025-06-30 19:55:19,34.2907215,-84.0880783,15.0,7.06,3.17, 
133957869213820000,2025-06-30 19:55:21,34.2911512,-84.0881065,15.0,6.87,3.17, 
133957869233380000,2025-06-30 19:55:23,34.2915798,-84.0881174,15.0,6.85,3.15, 
133957869253630000,2025-06-30 19:55:25,34.2920062,-84.0880815,15.0,6.8,3.15, 
133957869273570000,2025-06-30 19:55:27,34.2924273,-84.0879828,16.0,6.8,3.14, 
133957869293530000,2025-06-30 19:55:29,34.2928298,-84.087819,17.0,6.97,3.14, 
133957869313530000,2025-06-30 19:55:31,34.2932139,-84.0875911,17.0,6.91,3.14, 
133957869333520000,2025-06-30 19:55:33,34.2935742,-84.087296,18.0,6.85,3.11, 
133957869353480000,2025-06-30 19:55:35,34.2939203,-84.0869476,19.0,6.73,3.09, 
133957869373530000,2025-06-30 19:55:37,34.2942697,-84.0865863,17.0,6.73,3.11, 
133957869393630000,2025-06-30 19:55:39,34.2946202,-84.0862152,17.0,6.75,3.13, 
133957869413490000,2025-06-30 19:55:41,34.2949696,-84.0858463,16.0,6.77,3.15, 
133957869433700000,2025-06-30 19:55:43,34.2953233,-84.0854806,17.0,6.76,3.13, 
133957869453590000,2025-06-30 19:55:45,34.295677,-84.0851128,16.0,6.79,3.14, 
133957869473710000,2025-06-30 19:55:47,34.2960199,-84.0847526,16.0,6.78,3.15, 
133957869493620000,2025-06-30 19:55:49,34.2963552,-84.0843934,15.0,6.76,3.15, 
133957869513630000,2025-06-30 19:55:51,34.2966851,-84.0840375,15.0,6.75,3.13, 
133957869533650000,2025-06-30 19:55:53,34.2970128,-84.0836914,15.0,6.78,3.13, 
133957869553740000,2025-06-30 19:55:55,34.2973318,-84.0833637,15.0,6.95,3.12, 
133957869573770000,2025-06-30 19:55:57,34.2976475,-84.0830425,15.0,6.88,3.12, 
133957869594030000,2025-06-30 19:55:59,34.2979622,-84.0827354,14.0,6.77,3.1, 
133957869613840000,2025-06-30 19:56:01,34.2982899,-84.0824533,14.0,6.71,3.1, 
133957869633830000,2025-06-30 19:56:03,34.2986349,-84.0822081,15.0,6.56,3.08, 
133957869653790000,2025-06-30 19:56:05,34.2989887,-84.0820203,15.0,6.49,3.07, 
133957869673840000,2025-06-30 19:56:07,34.2993565,-84.0818739,15.0,6.61,3.07, 
133957869693860000,2025-06-30 19:56:09,34.2997384,-84.0817523,15.0,6.77,3.06, 
133957869713920000,2025-06-30 19:56:11,34.3001345,-84.0816341,15.0,6.76,3.07, 
133957869733720000,2025-06-30 19:56:13,34.3005338,-84.0815049,14.0,6.72,3.07, 
133957869753920000,2025-06-30 19:56:15,34.3009288,-84.0813791,14.0,6.61,3.09, 
133957869773880000,2025-06-30 19:56:17,34.3013107,-84.0812575,14.0,6.62,3.09, 
133957869793930000,2025-06-30 19:56:19,34.3016753,-84.0811404,14.0,6.63,3.11, 
133957869813970000,2025-06-30 19:56:21,34.3020355,-84.0810264,14.0,6.64,3.14, 
133957869833990000,2025-06-30 19:56:23,34.3023871,-84.0809136,13.0,6.54,3.16, 
133957869853970000,2025-06-30 19:56:25,34.3027267,-84.0808127,13.0,6.53,3.17, 
133957869873980000,2025-06-30 19:56:27,34.3030577,-84.0807378,14.0,6.73,3.16, 
133957869893970000,2025-06-30 19:56:29,34.3033648,-84.0807031,14.0,6.82,3.16, 
133957869913950000,2025-06-30 19:56:31,34.3036328,-84.0806727,14.0,6.74,3.18, 
133957869934030000,2025-06-30 19:56:33,34.3038454,-84.0806532,13.0,6.74,3.17, 
133957869954090000,2025-06-30 19:56:35,34.3039919,-84.0807204,17.0,6.69,3.2, 
133957869974000000,2025-06-30 19:56:37,34.3040581,-84.0808919,18.0,6.65,3.2, 
133957869994290000,2025-06-30 19:56:39,34.304044,-84.0810753,17.0,6.58,3.21, 
133957870014160000,2025-06-30 19:56:41,34.3040375,-84.08125,16.0,6.82,3.23, 
133957870044210000,2025-06-30 19:56:44,34.3040516,-84.0814246,17.0,6.79,3.24, 
133957870084200000,2025-06-30 19:56:48,34.3042198,-84.0814865,16.0,7.04,3.3, 
133957870114180000,2025-06-30 19:56:51,34.3044032,-84.0815342,15.0,7.1,3.35, 
133957870134230000,2025-06-30 19:56:53,34.304516,-84.0816286,15.0,7.09,3.38, 
133957870154400000,2025-06-30 19:56:55,34.3045952,-84.0817632,15.0,7.16,3.41, 
133957870174290000,2025-06-30 19:56:57,34.3046397,-84.0819259,15.0,7.15,3.43, 
133957870194280000,2025-06-30 19:56:59,34.3046538,-84.0821082,15.0,7.28,3.48, 
133957870214260000,2025-06-30 19:57:01,34.3046614,-84.0823057,14.0,7.3,3.52, 
133957870234300000,2025-06-30 19:57:03,34.3046679,-84.0825119,14.0,7.29,3.56, 
133957870254280000,2025-06-30 19:57:05,34.3046788,-84.0827224,14.0,7.3,3.57, 
133957870274410000,2025-06-30 19:57:07,34.3046875,-84.0829275,14.0,7.11,3.56, 
133957870294330000,2025-06-30 19:57:09,34.304695,-84.0831174,14.0,7.2,3.58, 
133957870314350000,2025-06-30 19:57:11,34.3046983,-84.0832986,13.0,7.25,3.58, 
133957870334310000,2025-06-30 19:57:13,34.3047016,-84.0834841,13.0,7.22,3.58, 
133957870354500000,2025-06-30 19:57:15,34.304707,-84.0836892,13.0,7.23,3.59, 
